Valuation date,Cumulative Return
2014-12-04,
2014-12-05,9.498831643717232e-05
2014-12-06,0.00018397737078346132
2014-12-07,0.00027296642512975033
2014-12-08,0.00036195547947603934
2014-12-09,0.00046594268904920355
2014-12-10,0.000556931497425861
2014-12-11,0.0006889152634226292
2014-12-12,0.0007789041947841024
2014-12-13,0.0008688931261455757
2014-12-14,0.0009588820575070489
2014-12-15,0.0010488709888685221
2014-12-16,0.0011528581984419084
2014-12-17,0.0012758430713024627
2014-12-18,0.0013678317566943043
2014-12-19,0.0014668195811919915
2014-12-20,0.001553808881507912
2014-12-21,0.0016417980588390169
2014-12-22,0.00173178699020049
2014-12-23,0.0018217759215619633
2014-12-24,0.001918763992029282
2014-12-25,0.0020087529233907553
2014-12-26,0.0020987418547522285
2014-12-27,0.0022107280804464224
2014-12-28,0.0023227143061406164
2014-12-29,0.0024127032375020896
2014-12-30,0.0025066916769238556
2014-12-31,0.002625677041724117
2015-01-01,0.0027116664650250755
2015-01-02,0.0028296519528101527
2015-01-03,0.0029126417450657804
2015-01-04,0.002994631660306224
2015-01-05,0.003083620714652513
2015-01-06,0.0031706100149686556
2015-01-07,0.003257599315284798
2015-01-08,0.00334958800067664
2015-01-09,0.003438577055022929
2015-01-10,0.0035385647565358003
2015-01-11,0.0036375525810332654
2015-01-12,0.0037265416353797765
2015-01-13,0.0038145308127108812
2015-01-14,0.003902519990042208
2015-01-15,0.003990509167373313
2015-01-16,0.004103495270082691
2015-01-17,0.004191484447413796
2015-01-18,0.004278473747729938
2015-01-19,0.004364463171030897
2015-01-20,0.004451452471346817
2015-01-21,0.004554439803905019
2015-01-22,0.004645428612281677
2015-01-23,0.0047374172976732964
2015-01-24,0.004829405983064916
2015-01-25,0.004921394668456536
2015-01-26,0.005017382861908892
2015-01-27,0.005105372039240219
2015-01-28,0.005212358879858714
2015-01-29,0.005300348057189819
2015-01-30,0.005395336373626769
2015-01-31,0.005484325427973058
2015-02-01,0.005569314974258832
2015-02-02,0.005658304028605121
2015-02-03,0.005749292836981779
2015-02-04,0.005839281768343252
2015-02-05,0.005929270699704725
2015-02-06,0.006019259631066198
2015-02-07,0.006105249054367157
2015-02-08,0.006192238354683299
2015-02-09,0.0062822272860447725
2015-02-10,0.0063712163403910616
2015-02-11,0.006462205148767497
2015-02-12,0.00655219408012897
2015-02-13,0.006659180920747465
2015-02-14,0.006745170344048423
2015-02-15,0.006831159767349382
2015-02-16,0.006918149067665524
2015-02-17,0.007006138244996629
2015-02-18,0.0070921276682975876
2015-02-19,0.007182116599659061
2015-02-20,0.007270105776990166
2015-02-21,0.007387091387760059
2015-02-22,0.007505076875545136
2015-02-23,0.0076020649460124545
2015-02-24,0.007535073185999108
2015-02-25,0.007635060887511758
2015-02-26,0.007716050925737239
2015-02-27,0.007809039488144043
2015-02-28,0.007887029895323971
2015-03-01,0.007974019195639892
2015-03-02,0.008058008864910704
2015-03-03,0.008216989310316114
2015-03-04,0.008352972584373397
2015-03-05,0.008476957334249136
2015-03-06,0.008595942699049175
2015-03-07,0.00890790432776889
2015-03-08,0.008991893997039702
2015-03-09,0.009076883543325476
2015-03-10,0.009185870137974339
2015-03-11,0.009371847262787947
2015-03-12,0.00945383717802839
2015-03-13,0.00954282623237468
2015-03-14,0.00961081786940321
2015-03-15,0.009695807415688984
2015-03-16,0.009778797207944612
2015-03-17,0.00986478663124557
2015-03-18,0.009947776423501198
2015-03-19,0.0100457643709837
2015-03-20,0.010127754286224144
2015-03-21,0.010203744939373705
2015-03-22,0.010287734608644516
2015-03-23,0.010370724400900144
2015-03-24,0.01046171320927658
2015-03-25,0.010524705461229633
2015-03-26,0.01061569426960629
2015-03-27,0.01057469931198618
2015-03-28,0.010437716160913713
2015-03-29,0.010522705707199487
2015-03-30,0.010606695376470299
2015-03-31,0.010669687628423574
2015-04-01,0.011020644460733253
2015-04-02,0.011083636712686307
2015-04-03,0.011142629456578845
2015-04-04,0.011240617404061348
2015-04-05,0.011324607073331938
2015-04-06,0.011408596742602528
2015-04-07,0.011484587395752088
2015-04-08,0.011574576327113562
2015-04-09,0.011659565873399336
2015-04-10,0.011561577925916833
2015-04-11,0.011655566365338599
2015-04-12,0.011749554804760365
2015-04-13,0.011843543244182131
2015-04-14,0.011927532913452943
2015-04-15,0.011919533897331913
2015-04-16,0.011923533405392428
2015-04-17,0.011970527625103422
2015-04-18,0.012021521352874931
2015-04-19,0.012104511145130337
2015-04-20,0.012193500199476848
2015-04-21,0.012225496263960967
2015-04-22,0.012284489007853283
2015-04-23,0.012393475602502146
2015-04-24,0.012473465763712221
2015-04-25,0.0125814524813459
2015-04-26,0.01267044153569219
2015-04-27,0.012755431081977964
2015-04-28,0.012879415831853702
2015-04-29,0.012948407345897417
2015-04-30,0.013070392341743009
2015-05-01,0.013153382133998415
2015-05-02,0.013222373648042351
2015-05-03,0.013291365162086288
2015-05-04,0.013388353232553607
2015-05-05,0.013378354462402431
2015-05-06,0.0134403468373403
2015-05-07,0.013488340934066256
2015-05-08,0.01351333785944453
2015-05-09,0.013522336752580744
2015-05-10,0.01359132826662468
2015-05-11,0.013660319780668617
2015-05-12,0.013735310556802993
2015-05-13,0.013820300103088767
2015-05-14,0.013919287927586232
2015-05-15,0.01396928177834278
2015-05-16,0.014012276489993258
2015-05-17,0.014090266897172965
2015-05-18,0.014158258534201495
2015-05-19,0.014309239963485876
2015-05-20,0.01452621327576864
2015-05-21,0.014781181914625963
2015-05-22,0.015145137148132148
2015-05-23,0.015338113412051824
2015-05-24,0.015410104557141091
2015-05-25,0.015482095702230136
2015-05-26,0.015551087216274073
2015-05-27,0.015597081558969883
2015-05-28,0.01567707172018018
2015-05-29,0.01574706311123908
2015-05-30,0.01581505474826761
2015-05-31,0.015883046385296362
2015-06-01,0.0159470385142646
2015-06-02,0.016052025600852726
2015-06-03,0.01612601649997214
2015-06-04,0.01617201084266795
2015-06-05,0.016231003586560266
2015-06-06,0.01628099743731659
2015-06-07,0.01633499079613343
2015-06-08,0.016392983663010785
2015-06-09,0.016449976652872955
2015-06-10,0.016509969273780678
2015-06-11,0.01656696226364307
2015-06-12,0.01662895463858094
2015-06-13,0.016673949104261787
2015-06-14,0.01672694258606322
2015-06-15,0.016778936190849914
2015-06-16,0.016833929426681937
2015-06-17,0.01688892266251396
2015-06-18,0.016951914914467014
2015-06-19,0.016992909872087125
2015-06-20,0.017044903476873596
2015-06-21,0.017095897204645105
2015-06-22,0.017146890932416392
2015-06-23,0.017195884906157755
2015-06-24,0.017246878633929263
2015-06-25,0.017293872853640258
2015-06-26,0.01734886608947228
2015-06-27,0.01739686018619846
2015-06-28,0.0174458541599396
2015-06-29,0.017495848010695925
2015-06-30,0.017560840016679347
2015-07-01,0.01761883288355648
2015-07-02,0.017663827349237105
2015-07-03,0.017709821691932914
2015-07-04,0.017752816403583394
2015-07-05,0.01780081050030935
2015-07-06,0.017848804597035528
2015-07-07,0.017896798693761484
2015-07-08,0.017953791683623654
2015-07-09,0.018005785288410348
2015-07-10,0.018053779385136304
2015-07-11,0.018104773112907813
2015-07-12,0.018153767086648953
2015-07-13,0.01820176118337513
2015-07-14,0.01824775552607094
2015-07-15,0.018297749376827266
2015-07-16,0.01834674335056863
2015-07-17,0.018388738185203923
2015-07-18,0.0184367322819301
2015-07-19,0.01848472637865628
2015-07-20,0.01853372035239742
2015-07-21,0.018578714818078268
2015-07-22,0.018547718630609333
2015-07-23,0.018479726993580803
2015-07-24,0.018548718507624518
2015-07-25,0.018588713588229444
2015-07-26,0.018648706209136945
2015-07-27,0.018694700551832755
2015-07-28,0.018715697969150513
2015-07-29,0.018788688991254965
2015-07-30,0.0188246845637996
2015-07-31,0.018672703257500256
2015-08-01,0.018428733265809294
2015-08-02,0.018483726501641318
2015-08-03,0.01853871973747334
2015-08-04,0.018482726624626133
2015-08-05,0.018409735602521904
2015-08-06,0.018428733265809294
2015-08-07,0.018484726378656502
2015-08-08,0.0185167224431404
2015-08-09,0.018571715678972422
2015-08-10,0.01860371174345654
2015-08-11,0.01863870743898599
2015-08-12,0.018814685793648422
2015-08-13,0.018868679152465262
2015-08-14,0.018950669067705705
2015-08-15,0.019015661073689127
2015-08-16,0.019079653202657143
2015-08-17,0.019310624793151376
2015-08-18,0.01935761901286237
2015-08-19,0.01941961138780024
2015-08-20,0.019491602532889507
2015-08-21,0.01953759687558554
2015-08-22,0.019601589004553555
2015-08-23,0.019657582117400763
2015-08-24,0.019747571048762236
2015-08-25,0.01975157055682275
2015-08-26,0.01983256059504801
2015-08-27,0.01991355063327327
2015-08-28,0.020011538580755772
2015-08-29,0.020067531693602758
2015-08-30,0.02012252492943456
2015-08-31,0.020178518042281768
2015-09-01,0.02025250894140118
2015-09-02,0.020328499594550742
2015-09-03,0.02041748864889703
2015-09-04,0.020672457287754575
2015-09-05,0.020855434781522852
2015-09-06,0.020908428263324508
2015-09-07,0.020961421745126385
2015-09-08,0.021102404404259145
2015-09-09,0.021155397886061023
2015-09-10,0.021209391244877862
2015-09-11,0.02129538066817882
2015-09-12,0.02136037267416202
2015-09-13,0.021412366278948713
2015-09-14,0.021456360867614155
2015-09-15,0.02161334155898942
2015-09-16,0.021725327784683834
2015-09-17,0.021876309213967993
2015-09-18,0.021926303064724317
2015-09-19,0.02200029396384351
2015-09-20,0.022053287445645164
2015-09-21,0.022055287199675533
2015-09-22,0.02218927071970267
2015-09-23,0.02220626862895969
2015-09-24,0.02227326038897326
2015-09-25,0.0223272537477901
2015-09-26,0.02238124710660694
2015-09-27,0.022432240834378447
2015-09-28,0.022482234685134994
2015-09-29,0.022490233701256024
2015-09-30,0.022563224723360475
2015-10-01,0.022606219435010955
2015-10-02,0.022716205906675002
2015-10-03,0.02276420000340118
2015-10-04,0.02281319397714232
2015-10-05,0.02282619237833905
2015-10-06,0.023091159787347992
2015-10-07,0.022925180202836737
2015-10-08,0.022981173315683723
2015-10-09,0.02299617147091082
2015-10-10,0.022975174053593284
2015-10-11,0.02302816753539494
2015-10-12,0.023081161017196594
2015-10-13,0.02313415449899825
2015-10-14,0.02324214121663215
2015-10-15,0.02333612965605414
2015-10-16,0.023119156343771596
2015-10-17,0.023109157573620198
2015-10-18,0.02316115117840689
2015-10-19,0.023525106411913077
2015-10-20,0.023592098171926645
2015-10-21,0.02358209940177547
2015-10-22,0.023589098540881315
2015-10-23,0.02364709140775889
2015-10-24,0.023699085012545362
2015-10-25,0.023751078617331833
2015-10-26,0.02380407209913371
2015-10-27,0.02359309804894183
2015-10-28,0.023968051929614598
2015-10-29,0.02402004553440107
2015-10-30,0.024044042582764158
2015-10-31,0.023988049469917172
2015-11-01,0.02404204282873401
2015-11-02,0.024097036064566035
2015-11-03,0.024090036925459968
2015-11-04,0.02417702622577611
2015-11-05,0.02422602019951725
2015-11-06,0.02428001355833409
2015-11-07,0.024305010483712364
2015-11-08,0.024357004088499057
2015-11-09,0.024463990929117774
2015-11-10,0.02451698441091943
2015-11-11,0.024487987977480863
2015-11-12,0.02442499572552781
2015-11-13,0.024378001505816815
2015-11-14,0.02447898908434465
2015-11-15,0.024528982935101196
2015-11-16,0.02458197641690285
2015-11-17,0.02466496620915848
2015-11-18,0.02470096178170289
2015-11-19,0.024794950221124656
2015-11-20,0.024845943948896387
2015-11-21,0.024882939398455983
2015-11-22,0.024932933249212308
2015-11-23,0.024982927099968855
2015-11-24,0.02504891898296724
2015-11-25,0.025258893156143936
2015-11-26,0.025287889589582502
2015-11-27,0.025377878520943975
2015-11-28,0.025465867698275302
2015-11-29,0.025518861180076957
2015-11-30,0.02545186942006339
2015-12-01,0.025551857121576038
2015-12-02,0.025634846913831666
2015-12-03,0.025687840395633543
2015-12-04,0.025753832278631705
2015-12-05,0.02585481985715954
2015-12-06,0.025906813461946232
2015-12-07,0.026125786528259143
2015-12-08,0.026310763776057566
2015-12-09,0.026174780502000283
2015-12-10,0.02640975160055503
2015-12-11,0.026476743360568822
2015-12-12,0.026529736842370477
2015-12-13,0.026578730816111618
2015-12-14,0.026651721838215847
2015-12-15,0.026694716549866326
2015-12-16,0.026768707448985518
2015-12-17,0.026803703144514968
2015-12-18,0.02685569674930144
2015-12-19,0.026907690354088132
2015-12-20,0.026956684327829272
2015-12-21,0.02704267375113023
2015-12-22,0.02710766575711343
2015-12-23,0.027198654565490088
2015-12-24,0.027252647924306928
2015-12-25,0.027076669569644496
2015-12-26,0.02708066907770501
2015-12-27,0.027130662928461557
2015-12-28,0.027179656902202698
2015-12-29,0.027083668708750563
2015-12-30,0.027207653458626302
2015-12-31,0.02726664620251862
2016-01-01,0.0272996421440177
2016-01-02,0.02734863611775884
2016-01-03,0.02739763009149998
2016-01-04,0.02744862381927149
2016-01-05,0.027489618776891822
2016-01-06,0.0275326134885423
2016-01-07,0.02758060758526848
2016-01-08,0.027608604141692084
2016-01-09,0.02767459602469069
2016-01-10,0.027722590121416646
2016-01-11,0.027686594548872234
2016-01-12,0.02772858938350753
2016-01-13,0.027807579667702642
2016-01-14,0.027916566262351283
2016-01-15,0.02801555408684897
2016-01-16,0.02821752924390486
2016-01-17,0.028270522725706515
2016-01-18,0.02832351620750817
2016-01-19,0.028495495054110087
2016-01-20,0.02855048828994211
2016-01-21,0.028614480418910127
2016-01-22,0.028663474392651267
2016-01-23,0.028714468120422776
2016-01-24,0.02876746160222443
2016-01-25,0.028819455207010902
2016-01-26,0.028881447581948994
2016-01-27,0.02892644204762962
2016-01-28,0.028977435775401128
2016-01-29,0.029031429134217968
2016-01-30,0.02909742101721613
2016-01-31,0.02915141437603319
2016-02-01,0.029206407611865215
2016-02-02,0.029255401585606355
2016-02-03,0.029312394575468748
2016-02-04,0.02937238719637625
2016-02-05,0.029430380063253603
2016-02-06,0.029482373668040296
2016-02-07,0.029536367026857135
2016-02-08,0.029591360262688937
2016-02-09,0.029622356450158094
2016-02-10,0.029680349317035448
2016-02-11,0.029735342552867472
2016-02-12,0.029784336526608834
2016-02-13,0.029838329885425452
2016-02-14,0.02989132336722733
2016-02-15,0.029944316849028985
2016-02-16,0.02999731033083064
2016-02-17,0.03005130368964748
2016-02-18,0.030106296925479503
2016-02-19,0.03015929040728116
2016-02-20,0.030220282905203844
2016-02-21,0.03027327638700572
2016-02-22,0.030326269868807376
2016-02-23,0.03037826347359407
2016-02-24,0.030433256709426093
2016-02-25,0.03047825117510694
2016-02-26,0.03053424428795415
2016-02-27,0.030587237769755804
2016-02-28,0.030641231128572644
2016-02-29,0.030695224487389483
2016-03-01,0.030749217846206323
2016-03-02,0.03080521095905353
2016-03-03,0.03086420370294607
2016-03-04,0.030914197553702394
2016-03-05,0.030936194848035337
2016-03-06,0.030993187837897507
2016-03-07,0.031049180950744715
2016-03-08,0.03111217320269799
2016-03-09,0.031125171603894497
2016-03-10,0.031246156722724905
2016-03-11,0.03129315094243568
2016-03-12,0.03133714553110134
2016-03-13,0.03138913913588781
2016-03-14,0.03144213261768947
2016-03-15,0.03150212523859719
2016-03-16,0.03155711847442921
2016-03-17,0.03161611121832175
2016-03-18,0.031673104208184144
2016-03-19,0.03173209695207668
2016-03-20,0.03178908994193885
2016-03-21,0.031846082931801245
2016-03-22,0.031903075921663415
2016-03-23,0.031960068911525585
2016-03-24,0.03201306239332746
2016-03-25,0.03207105526020504
2016-03-26,0.03212304886499173
2016-03-27,0.03217904197783894
2016-03-28,0.03223503509068615
2016-03-29,0.032298027342639424
2016-03-30,0.03234502156235042
2016-03-31,0.03242501172356049
2016-04-01,0.03247000618924112
2016-04-02,0.03252199979402781
2016-04-03,0.03258599192299605
2016-04-04,0.032643984789873626
2016-04-05,0.0326539835600248
2016-04-06,0.032651983805994655
2016-04-07,0.0326689817152519
2016-04-08,0.0327389731063108
2016-04-09,0.03279396634214282
2016-04-10,0.03285095933200499
2016-04-11,0.03290795232186716
2016-04-12,0.03295294678754779
2016-04-13,0.03300194076128893
2016-04-14,0.033052934489060215
2016-04-15,0.03309692907772588
2016-04-16,0.03317791911595114
2016-04-17,0.03323491210581353
2016-04-18,0.03329290497269066
2016-04-19,0.033412890214505886
2016-04-20,0.033574870290956405
2016-04-21,0.033641862050970195
2016-04-22,0.03369685528680222
2016-04-23,0.03375884766174009
2016-04-24,0.033819840159662995
2016-04-25,0.03387783302654035
2016-04-26,0.033933826139387335
2016-04-27,0.03400481740746142
2016-04-28,0.03405481125821774
2016-04-29,0.03412080314121613
2016-04-30,0.0341777961310783
2016-05-01,0.03423578899795565
2016-05-02,0.034293781864833006
2016-05-03,0.03435177473171058
2016-05-04,0.03439776907440639
2016-05-05,0.03445876157232908
2016-05-06,0.034528752963387754
2016-05-07,0.03458674583026533
2016-05-08,0.0346487382052032
2016-05-09,0.034706731072080776
2016-05-10,0.034746726152685925
2016-05-11,0.03480471901956328
2016-05-12,0.03486271188644041
2016-05-13,0.03492270450734791
2016-05-14,0.034979697497210305
2016-05-15,0.03503769036408766
2016-05-16,0.03510468212410123
2016-05-17,0.03516467474500873
2016-05-18,0.0352216677348709
2016-05-19,0.035277660847718106
2016-05-20,0.03533765346862561
2016-05-21,0.0353896470734123
2016-05-22,0.03544564018625951
2016-05-23,0.03550063342209153
2016-05-24,0.035557626411953924
2016-05-25,0.03561361952480113
2016-05-26,0.03566761288361797
2016-05-27,0.03572460587348014
2016-05-28,0.03577859923229676
2016-05-29,0.03584359123827996
2016-05-30,0.03589958435112717
2016-05-31,0.035957577218004744
2016-06-01,0.03601656996189706
2016-06-02,0.03609556024609195
2016-06-03,0.03615155335893894
2016-06-04,0.03620354696372541
2016-06-05,0.03625754032254225
2016-06-06,0.036318532820465155
2016-06-07,0.036369526548236664
2016-06-08,0.03639652322764508
2016-06-09,0.03647351375780983
2016-06-10,0.03654250527185354
2016-06-11,0.03659349899962505
2016-06-12,0.036648492235457075
2016-06-13,0.03670448534830406
2016-06-14,0.03676047846115127
2016-06-15,0.03681747145101366
2016-06-16,0.03686846517878517
2016-06-17,0.03692845779969289
2016-06-18,0.03698345103552492
2016-06-19,0.0370394441483719
2016-06-20,0.03709543726121911
2016-06-21,0.03716442877526305
2016-06-22,0.03720842336392849
2016-06-23,0.03726241672274533
2016-06-24,0.0373194097126075
2016-06-25,0.03737340307142456
2016-06-26,0.037428396307256584
2016-06-27,0.03748438942010357
2016-06-28,0.03754438204101129
2016-06-29,0.03759737552281295
2016-06-30,0.03766736691387185
2016-07-01,0.03772435990373424
2016-07-02,0.03778635227867211
2016-07-03,0.03784334526853428
2016-07-04,0.03790033825839645
2016-07-05,0.03791933592168384
2016-07-06,0.03797632891154623
2016-07-07,0.037980328419606746
2016-07-08,0.03787934084107891
2016-07-09,0.037750356706127475
2016-07-10,0.03780634981897446
2016-07-11,0.03786234293182145
2016-07-12,0.03787434145600277
2016-07-13,0.037924335306759094
2016-07-14,0.03799632645184814
2016-07-15,0.038054319318725716
2016-07-16,0.03814230849605682
2016-07-17,0.03822229865726712
2016-07-18,0.038283291155190025
2016-07-19,0.038353282546248924
2016-07-20,0.03824629570563043
2016-07-21,0.038156306774268955
2016-07-22,0.038197301731889066
2016-07-23,0.03821529951816127
2016-07-24,0.03827929164712929
2016-07-25,0.03834228389908234
2016-07-26,0.03840227651998984
2016-07-27,0.03845227037074639
2016-07-28,0.03850726360657841
2016-07-29,0.038567256227486135
2016-07-30,0.03862224946331816
2016-07-31,0.03868724146930136
2016-08-01,0.03875223347528456
2016-08-02,0.03881222609619228
2016-08-03,0.03887721810217548
2016-08-04,0.038970206664582285
2016-08-05,0.03902619977742949
2016-08-06,0.03910618993863979
2016-08-07,0.03916918219059262
2016-08-08,0.03923317431956064
2016-08-09,0.03925517161389358
2016-08-10,0.039349160053315346
2016-08-11,0.0394121523052684
2016-08-12,0.03948314357334248
2016-08-13,0.03953913668618969
2016-08-14,0.039602128938142744
2016-08-15,0.0396701205751715
2016-08-16,0.039732112950109366
2016-08-17,0.03980110446415308
2016-08-18,0.03988209450237834
2016-08-19,0.039946086631346356
2016-08-20,0.04000907888329919
2016-08-21,0.040078070397343124
2016-08-22,0.04014606203437188
2016-08-23,0.04021805317946092
2016-08-24,0.04028704469350464
2016-08-25,0.04035303657650324
2016-08-26,0.040424027844577326
2016-08-27,0.04049601898966637
2016-08-28,0.04056301074967994
2016-08-29,0.04063100238670847
2016-08-30,0.04070099377776715
2016-08-31,0.04075598701359917
2016-09-01,0.0408439761909305
2016-09-02,0.04088197151750528
2016-09-03,0.04098195921901815
2016-09-04,0.041050950733061864
2016-09-05,0.04112094212412076
2016-09-06,0.041183934376073816
2016-09-07,0.041264924414299076
2016-09-08,0.041334915805357975
2016-09-09,0.041396908180296066
2016-09-10,0.04146889932538533
2016-09-11,0.04153889071644423
2016-09-12,0.04160888210750313
2016-09-13,0.04168187312960736
2016-09-14,0.04175986353678729
2016-09-15,0.04186485062337564
2016-09-16,0.04194984016966141
2016-09-17,0.04199183500429671
2016-09-18,0.04205982664132546
2016-09-19,0.04212781827835399
2016-09-20,0.042221806717775756
2016-09-21,0.042261801798380905
2016-09-22,0.042318794788243075
2016-09-23,0.04238178704019613
2016-09-24,0.04245177843125503
2016-09-25,0.04251977006828378
2016-09-26,0.04258676182829757
2016-09-27,0.04265775309637165
2016-09-28,0.0427297442414607
2016-09-29,0.04278173784624739
2016-09-30,0.042871726777608865
2016-10-01,0.04293871853762243
2016-10-02,0.04300471042062082
2016-10-03,0.043071702180634164
2016-10-04,0.043138693940647954
2016-10-05,0.043209685208721815
2016-10-06,0.0432656783215688
2016-10-07,0.043336669589643106
2016-10-08,0.043395662333535645
2016-10-09,0.04346665360160973
2016-10-10,0.0435286459765476
2016-10-11,0.043611635768803225
2016-10-12,0.04368862629896797
2016-10-13,0.04374861891987569
2016-10-14,0.043824609573025475
2016-10-15,0.04389860047214467
2016-10-16,0.043965592232158235
2016-10-17,0.04403158411515662
2016-10-18,0.044100575629200556
2016-10-19,0.04416656751219894
2016-10-20,0.04423355927221251
2016-10-21,0.044305550417301554
2016-10-22,0.04436854266925461
2016-10-23,0.04443453455225299
2016-10-24,0.04450152631226656
2016-10-25,0.044567518195264944
2016-10-26,0.04464050921736917
2016-10-27,0.04475249544306359
2016-10-28,0.0449714685093765
2016-10-29,0.04514344735597842
2016-10-30,0.0452044398539011
2016-10-31,0.04527143161391489
2016-11-01,0.04533142423482239
2016-11-02,0.04537641870050302
2016-11-03,0.04530842706347449
2016-11-04,0.04521743825509783
2016-11-05,0.04527143161391467
2016-11-06,0.04534142300497357
2016-11-07,0.04541741365812335
2016-11-08,0.045447409968577324
2016-11-09,0.045550397301135526
2016-11-10,0.04561538930711895
2016-11-11,0.04567238229698112
2016-11-12,0.04574837295013068
2016-11-13,0.04581436483312906
2016-11-14,0.045880356716127446
2016-11-15,0.045952347861216714
2016-11-16,0.04599634244988238
2016-11-17,0.04604333666959337
2016-11-18,0.04612432670781863
2016-11-19,0.04620331699201374
2016-11-20,0.04626930887501213
2016-11-21,0.04633430088099533
2016-11-22,0.04641129141116007
2016-11-23,0.04646528476997713
2016-11-24,0.046495281080430884
2016-11-25,0.04654627480820239
2016-11-26,0.04660526755209493
2016-11-27,0.04667325918912346
2016-11-28,0.04674025094913681
2016-11-29,0.04681624160228659
2016-11-30,0.046912229795738725
2016-12-01,0.04698122130978244
2016-12-02,0.047053212454871485
2016-12-03,0.04709620716652174
2016-12-04,0.04715020052533858
2016-12-05,0.04721619240833674
2016-12-06,0.04730618133969822
2016-12-07,0.0473391772811973
2016-12-08,0.047433165720619286
2016-12-09,0.0474921584645116
2016-12-10,0.04754515194631326
2016-12-11,0.04760914407528127
2016-12-12,0.04768613460544602
2016-12-13,0.047764125012625946
2016-12-14,0.047834116403684845
2016-12-15,0.04790010828668301
2016-12-16,0.047978098693862936
2016-12-17,0.04803309192969474
2016-12-18,0.048111082336874667
2016-12-19,0.0481800738509186
2016-12-20,0.048275062167355776
2016-12-21,0.04833605466527868
2016-12-22,0.04839304765514085
2016-12-23,0.04847903707844181
2016-12-24,0.04853603006830398
2016-12-25,0.04860302182831755
2016-12-26,0.04867101346534608
2016-12-27,0.04874700411849586
2016-12-28,0.04882699427970594
2016-12-29,0.04885299108209917
2016-12-30,0.04893798062838495
2016-12-31,0.049015971035564876
2017-01-01,0.049083962672593406
2017-01-02,0.04915295418663712
2017-01-03,0.04923594397889253
2017-01-04,0.04934992995861709
2017-01-05,0.04942092122669117
2017-01-06,0.049494912125810586
2017-01-07,0.04956390363985452
2017-01-08,0.049631895276883276
2017-01-09,0.049699886913911806
2017-01-10,0.04977687744407677
2017-01-11,0.049833870433939165
2017-01-12,0.049914860472164424
2017-01-13,0.04997685284710229
2017-01-14,0.05004384460711586
2017-01-15,0.050109836490114246
2017-01-16,0.050176828250128036
2017-01-17,0.05024282013312642
2017-01-18,0.050316811032246056
2017-01-19,0.050386802423304955
2017-01-20,0.05046079332242437
2017-01-21,0.05052378557437742
2017-01-22,0.050591777211406175
2017-01-23,0.05065876897141974
2017-01-24,0.050832747572051806
2017-01-25,0.051178705019285786
2017-01-26,0.05155865828503425
2017-01-27,0.051759633565074736
2017-01-28,0.051870619913753746
2017-01-29,0.05198260613944794
2017-01-30,0.052054597284536985
2017-01-31,0.05214758584694379
2017-02-01,0.052211577975911805
2017-02-02,0.052284568998016034
2017-02-03,0.05235855989713545
2017-02-04,0.05241555288699762
2017-02-05,0.052484544401041555
2017-02-06,0.05255253603807031
2017-02-07,0.05263752558435608
2017-02-08,0.05263352607629557
2017-02-09,0.052667521894810054
2017-02-10,0.05257253357837288
2017-02-11,0.0524365503043156
2017-02-12,0.05250254218731398
2017-02-13,0.05256953394732755
2017-02-14,0.052557535423145785
2017-02-15,0.05255353591508527
2017-02-16,0.05249054366313244
2017-02-17,0.05254553689896424
2017-02-18,0.052622527429128985
2017-02-19,0.05268951918914233
2017-02-20,0.052755511072140715
2017-02-21,0.052814503816033254
2017-02-22,0.05287749606798631
2017-02-23,0.052944487827999875
2017-02-24,0.05308047110205716
2017-02-25,0.05320245609790253
2017-02-26,0.05329944416836985
2017-02-27,0.053377434575549776
2017-02-28,0.05343042805735121
2017-03-01,0.053469423260941173
2017-03-02,0.05350641871050099
2017-03-03,0.05357441034752952
2017-03-04,0.053634402968437245
2017-03-05,0.053694395589344746
2017-03-06,0.053754388210252246
2017-03-07,0.053810381323099454
2017-03-08,0.05387137382102214
2017-03-09,0.05392736693386935
2017-03-10,0.0539853598007467
2017-03-11,0.05404835205269953
2017-03-12,0.05410934455062244
2017-03-13,0.054170337048545125
2017-03-14,0.054238328685573656
2017-03-15,0.054295321675435826
2017-03-16,0.054403308393069505
2017-03-17,0.05449429720144616
2017-03-18,0.05469627235850205
2017-03-19,0.054757264856424515
2017-03-20,0.05481825735434742
2017-03-21,0.05511722058187041
2017-03-22,0.055349192049379825
2017-03-23,0.0554621781520892
2017-03-24,0.05554516794434461
2017-03-25,0.05562315835152476
2017-03-26,0.055679151464371746
2017-03-27,0.05573914408527947
2017-03-28,0.055800136583202375
2017-03-29,0.055859129327094914
2017-03-30,0.055922121579047745
2017-03-31,0.05598611370801598
2017-04-01,0.05604810608295385
2017-04-02,0.05611009845789172
2017-04-03,0.05617109095581463
2017-04-04,0.056251081117024704
2017-04-05,0.05621508554448029
2017-04-06,0.056173090709845
2017-04-07,0.056213085790450146
2017-04-08,0.05626607927225202
2017-04-09,0.05634007017137144
2017-04-10,0.05639506340720346
2017-04-11,0.05636806672779504
2017-04-12,0.05625908013314618
2017-04-13,0.05612209698207371
2017-04-14,0.05611609771998283
2017-04-15,0.05617908997193588
2017-04-16,0.056242082223889156
2017-04-17,0.05630507447584221
2017-04-18,0.05636806672779526
2017-04-19,0.05642405984064247
2017-04-20,0.056492051477671
2017-04-21,0.056620035735607255
2017-04-22,0.05674302060846781
2017-04-23,0.05680601286042086
2017-04-24,0.056869005112373694
2017-04-25,0.05706198137629315
2017-04-26,0.057328948539332236
2017-04-27,0.057490928615782755
2017-04-28,0.05745693279726849
2017-04-29,0.057568919022962683
2017-04-30,0.05763191127491574
2017-05-01,0.05769490352686857
2017-05-02,0.057769894303003166
2017-05-03,0.057939873395574715
2017-05-04,0.05813284965949439
2017-05-05,0.058214839574734834
2017-05-06,0.058326825800428805
2017-05-07,0.05838981805238186
2017-05-08,0.05845281030433491
2017-05-09,0.05852180181837863
2017-05-10,0.0585787948082408
2017-05-11,0.058645786568254143
2017-05-12,0.05870777894319179
2017-05-13,0.05878276971932639
2017-05-14,0.058846761848294626
2017-05-15,0.05891275373129301
2017-05-16,0.05896074782801897
2017-05-17,0.05902174032594165
2017-05-18,0.05899474364653323
2017-05-19,0.05884476209426426
2017-05-20,0.05880176738261378
2017-05-21,0.05886375975755165
2017-05-22,0.05893375114861077
2017-05-23,0.059005742293699814
2017-05-24,0.05905073675938044
2017-05-25,0.059113729011333715
2017-05-26,0.05927170957972394
2017-05-27,0.05944868781140156
2017-05-28,0.059510680186339426
2017-05-29,0.05957567219232285
2017-05-30,0.05973865214578855
2017-05-31,0.05988963357507271
2017-06-01,0.05996762398225286
2017-06-02,0.060025616849130214
2017-06-03,0.06008360971600757
2017-06-04,0.06014260245990011
2017-06-05,0.060208594342898714
2017-06-06,0.06026758708679103
2017-06-07,0.060325579953668385
2017-06-08,0.060379573312485446
2017-06-09,0.06042656753219644
2017-06-10,0.060455563965635006
2017-06-11,0.06051555658654273
2017-06-12,0.06057854883849578
2017-06-13,0.060640541213433874
2017-06-14,0.06072553075971965
2017-06-15,0.060792522519733216
2017-06-16,0.06087151280392833
2017-06-17,0.0609335051788662
2017-06-18,0.060994497676789106
2017-06-19,0.06105549017471201
2017-06-20,0.06111648267263492
2017-06-21,0.06118147467861834
2017-06-22,0.06124046742251088
2017-06-23,0.06130345967446371
2017-06-24,0.061366451926416765
2017-06-25,0.06143144393240019
2017-06-26,0.061495436061368425
2017-06-27,0.06155842831332148
2017-06-28,0.06162142056527453
2017-06-29,0.0616884123252881
2017-06-30,0.061798398796951926
2017-07-01,0.061868390188010824
2017-07-02,0.06193238231697884
2017-07-03,0.06200537333908329
2017-07-04,0.06202137137132513
2017-07-05,0.062004373462067885
2017-07-06,0.06193538194802417
2017-07-07,0.06183539424651152
2017-07-08,0.061809397444118064
2017-07-09,0.06187138981905593
2017-07-10,0.06192538317787277
2017-07-11,0.06194938022623586
2017-07-12,0.06195237985728119
2017-07-13,0.061998374199977224
2017-07-14,0.062044368542673034
2017-07-15,0.06211635968776208
2017-07-16,0.062177352185684764
2017-07-17,0.062237344806592265
2017-07-18,0.06230633632063598
2017-07-19,0.06234733127825631
2017-07-20,0.062382326973785984
2017-07-21,0.06243432057857268
2017-07-22,0.062460317380966135
2017-07-23,0.06252031000187364
2017-07-24,0.06258030262278136
2017-07-25,0.06258430213084187
2017-07-26,0.06260130004009912
2017-07-27,0.06268229007832438
2017-07-28,0.06286526757209265
2017-07-29,0.06304124592675486
2017-07-30,0.06311223719482895
2017-07-31,0.06317822907782755
2017-08-01,0.06317023006170652
2017-08-02,0.0630972390396023
2017-08-03,0.06315523190647943
2017-08-04,0.06319122747902406
2017-08-05,0.06324922034590141
2017-08-06,0.06330421358173344
2017-08-07,0.06336020669458065
2017-08-08,0.0634171996844426
2017-08-09,0.06347519255132017
2017-08-10,0.06350718861580429
2017-08-11,0.06358217939193889
2017-08-12,0.06364117213583143
2017-08-13,0.06369816512569382
2017-08-14,0.06375515811555599
2017-08-15,0.06381715049049408
2017-08-16,0.06387614323438662
2017-08-17,0.06392513720812798
2017-08-18,0.06398313007500533
2017-08-19,0.06404312269591306
2017-08-20,0.06410011568577545
2017-08-21,0.06416610756877383
2017-08-22,0.06422410043565141
2017-08-23,0.06439307965120777
2017-08-24,0.06453906169541623
2017-08-25,0.06466804583036767
2017-08-26,0.064876020249514
2017-08-27,0.06493101348534602
2017-08-28,0.06498700659819301
2017-08-29,0.06504299971104022
2017-08-30,0.06519698077136993
2017-08-31,0.06532196539826085
2017-09-01,0.06538695740424405
2017-09-02,0.06544794990216696
2017-09-03,0.06550394301501394
2017-09-04,0.06555893625084575
2017-09-05,0.06561992874876865
2017-09-06,0.06567992136967638
2017-09-07,0.06573791423655373
2017-09-08,0.06578990784134042
2017-09-09,0.06584390120015704
2017-09-10,0.0658978945589741
2017-09-11,0.06594888828674561
2017-09-12,0.06599888213750171
2017-09-13,0.06605787488139403
2017-09-14,0.0660918706999083
2017-09-15,0.06616286196798238
2017-09-16,0.06619585790948146
2017-09-17,0.06624885139128334
2017-09-18,0.06630284475010018
2017-09-19,0.06625785028441955
2017-09-20,0.06610786873215035
2017-09-21,0.0661618620909672
2017-09-22,0.06613986479663447
2017-09-23,0.06612186701036205
2017-09-24,0.06617586036917888
2017-09-25,0.06622985372799572
2017-09-26,0.066169861107088
2017-09-27,0.06619385815545109
2017-09-28,0.06618685901634525
2017-09-29,0.06620785643366278
2017-09-30,0.06626684917755532
2017-10-01,0.06632884155249341
2017-10-02,0.0663948334354918
2017-10-03,0.06647882310476239
2017-10-04,0.06653981560268507
2017-10-05,0.06660980699374397
2017-10-06,0.0666787985077879
2017-10-07,0.06674579026780147
2017-10-08,0.06680178338064846
2017-10-09,0.06685777649349567
2017-10-10,0.06691076997529755
2017-10-11,0.06697476210426556
2017-10-12,0.0670337548481581
2017-10-13,0.06708574845294457
2017-10-14,0.06711474488638314
2017-10-15,0.06716973812221516
2017-10-16,0.06722573123506237
2017-10-17,0.06730972090433318
2017-10-18,0.06735371549299884
2017-10-19,0.06742670651510307
2017-10-20,0.06747070110376874
2017-10-21,0.06754069249482764
2017-10-22,0.06759668560767462
2017-10-23,0.06765367859753679
2017-10-24,0.0677136712184443
2017-10-25,0.0677516665450193
2017-10-26,0.06781365891995716
2017-10-27,0.06788265043400088
2017-10-28,0.06792364539162099
2017-10-29,0.06797763875043805
2017-10-30,0.06803263198627008
2017-10-31,0.06806362817373923
2017-11-01,0.06813861894987361
2017-11-02,0.06818361341555446
2017-11-03,0.06824860542153766
2017-11-04,0.0682836011170671
2017-11-05,0.06833159521379328
2017-11-06,0.06839458746574612
2017-11-07,0.06846757848785034
2017-11-08,0.06851857221562163
2017-11-09,0.06857456532846862
2017-11-10,0.06861056090101325
2017-11-11,0.06866955364490579
2017-11-12,0.06871754774163175
2017-11-13,0.06878453950164509
2017-11-14,0.06882753421329557
2017-11-15,0.06887852794106708
2017-11-16,0.06893452105391407
2017-11-17,0.0690025126909426
2017-11-18,0.06905450629572907
2017-11-19,0.06910849965454613
2017-11-20,0.06917349166052933
2017-11-21,0.06924348305158823
2017-11-22,0.06931647407369268
2017-11-23,0.06942146116028103
2017-11-24,0.0695314476319453
2017-11-25,0.06962343631733692
2017-11-26,0.0696714304140631
2017-11-27,0.06973842217407644
2017-11-28,0.06984740876872553
2017-11-29,0.06996839388755594
2017-11-30,0.07028635477836631
2017-12-01,0.07054032354020867
2017-12-02,0.0706463105038122
2017-12-03,0.07069430460053816
2017-12-04,0.07077029525368772
2017-12-05,0.07085128529191298
2017-12-06,0.07089627975759383
2017-12-07,0.0709262760680478
2017-12-08,0.07081328996533842
2017-12-09,0.07086228393907978
2017-12-10,0.07091027803580596
2017-12-11,0.07097027065671346
2017-12-12,0.07073429968114353
2017-12-13,0.07059331702201055
2017-12-14,0.07051232698378529
2017-12-15,0.07055132218737525
2017-12-16,0.07059731653007129
2017-12-17,0.07064431074978228
2017-12-18,0.07070630312471993
2017-12-19,0.0707592966065218
2017-12-20,0.07081328996533842
2017-12-21,0.07086028418504942
2017-12-22,0.07088228147938214
2017-12-23,0.07093827459222934
2017-12-24,0.07098626868895552
2017-12-25,0.07105226057195368
2017-12-26,0.07111925233196725
2017-12-27,0.07117324569078387
2017-12-28,0.07124523683587314
2017-12-29,0.07130822908782619
2017-12-30,0.07133922527529513
2017-12-31,0.07138621949500612
2018-01-01,0.0714342135917323
2018-01-02,0.07150520485980638
2018-01-03,0.07158819465206201
2018-01-04,0.07165018702699988
2018-01-05,0.07170218063178657
2018-01-06,0.07175117460552771
2018-01-07,0.07179916870225367
2018-01-08,0.07184716279897985
2018-01-09,0.07191215480496305
2018-01-10,0.07195614939362849
2018-01-11,0.07201614201453621
2018-01-12,0.07206613586529276
2018-01-13,0.07212112910112456
2018-01-14,0.07216912319785052
2018-01-15,0.0722301156957732
2018-01-16,0.07227311040742368
2018-01-17,0.07237909737102721
2018-01-18,0.0724830845806006
2018-01-19,0.07256207486479571
2018-01-20,0.07261006896152189
2018-01-21,0.07265806305824785
2018-01-22,0.07273205395736726
2018-01-23,0.0728140438726077
2018-01-24,0.072847039814107
2018-01-25,0.07286403772336425
2018-01-26,0.07290903218904488
2018-01-27,0.07294502776158951
2018-01-28,0.07299302185831569
2018-01-29,0.07305301447922341
2018-01-30,0.07310200845296477
2018-01-31,0.07323399221896154
2018-02-01,0.07329298496285408
2018-02-02,0.0733529775837618
2018-02-03,0.07351695741424269
2018-02-04,0.07356595138798405
2018-02-05,0.0736289436399371
2018-02-06,0.07378092494623667
2018-02-07,0.07396290256298976
2018-02-08,0.07406788964957811
2018-02-09,0.07415187931884892
2018-02-10,0.07420087329259006
2018-02-11,0.0742498672663312
2018-02-12,0.07432085853440529
2018-02-13,0.07435985373799525
2018-02-14,0.07442884525203919
2018-02-15,0.07448783799593173
2018-02-16,0.07453483221564272
2018-02-17,0.07458482606639905
2018-02-18,0.07463382004014041
2018-02-19,0.07469581241507828
2018-02-20,0.07474980577389534
2018-02-21,0.07481079827181802
2018-02-22,0.07486479163063486
2018-02-23,0.07491678523542156
2018-02-24,0.07496977871722321
2018-02-25,0.07502077244499472
2018-02-26,0.07508276481993281
2018-02-27,0.07513575830173447
2018-02-28,0.07518875178353635
2018-03-01,0.07520075030771789
2018-03-02,0.07521074907786907
2018-03-03,0.07519575092264219
2018-03-04,0.07524474489638355
2018-03-05,0.07530173788624595
2018-03-06,0.07531973567251815
2018-03-07,0.07527774083788286
2018-03-08,0.07524574477339896
2018-03-09,0.07515375608800712
2018-03-10,0.07513775805576506
2018-03-11,0.07518575215249101
2018-03-12,0.07524974428145903
2018-03-13,0.07531573616445741
2018-03-14,0.0753717292773044
2018-03-15,0.07541172435790955
2018-03-16,0.0754737167328472
2018-03-17,0.07552471046061893
2018-03-18,0.07557170468032992
2018-03-19,0.07563069742422224
2018-03-20,0.07567569188990286
2018-03-21,0.07572868537170474
2018-03-22,0.07576968032932485
2018-03-23,0.07581767442605103
2018-03-24,0.07586266889173188
2018-03-25,0.07590966311144287
2018-03-26,0.07596665610130482
2018-03-27,0.07601565007504596
2018-03-28,0.0760696434338628
2018-03-29,0.07612563654671001
2018-03-30,0.07617962990552707
2018-03-31,0.0762296237562834
2018-04-01,0.07627761785300957
2018-04-02,0.0763456094900381
2018-04-03,0.07639560334079443
2018-04-04,0.0765405855079877
2018-04-05,0.07664457271756087
2018-04-06,0.07664557259457605
2018-04-07,0.076693566691302
2018-04-08,0.076740560911013
2018-04-09,0.07678855500773918
2018-04-10,0.07684954750566186
2018-04-11,0.07684354824357098
2018-04-12,0.07686754529193407
2018-04-13,0.07691453951164506
2018-04-14,0.07695853410031073
2018-04-15,0.07700652819703668
2018-04-16,0.07706552094092944
2018-04-17,0.0771235138078068
2018-04-18,0.07717450753557831
2018-04-19,0.077226501140365
2018-04-20,0.0772784947451517
2018-04-21,0.07732648884187765
2018-04-22,0.07737448293860383
2018-04-23,0.07744247457563236
2018-04-24,0.07749346830340409
2018-04-25,0.07755346092431181
2018-04-26,0.07760445465208332
2018-04-27,0.0776474493637338
2018-04-28,0.07770544223061115
2018-04-29,0.07776843448256399
2018-04-30,0.07783142673451704
2018-05-01,0.07787442144616752
2018-05-02,0.0779404133291659
2018-05-03,0.07800440545813414
2018-05-04,0.07806039857098135
2018-05-05,0.07809739402054094
2018-05-06,0.07814638799428208
2018-05-07,0.07820638061518981
2018-05-08,0.07826737311311271
2018-05-09,0.07832536597998985
2018-05-10,0.07837935933880669
2018-05-11,0.0784483508528504
2018-05-12,0.07851934212092448
2018-05-13,0.07856833609466563
2018-05-14,0.07862232945348269
2018-05-15,0.07865832502602732
2018-05-16,0.07870931875379905
2018-05-17,0.07876331211261589
2018-05-18,0.07882030510247828
2018-05-19,0.07885930030606803
2018-05-20,0.0789072944027942
2018-05-21,0.07898028542489866
2018-05-22,0.07903627853774586
2018-05-23,0.07909827091268373
2018-05-24,0.07918626009001484
2018-05-25,0.07923325430972583
2018-05-26,0.07928124840645201
2018-05-27,0.079328242626163
2018-05-28,0.07939523438617657
2018-05-29,0.07940823278737308
2018-05-30,0.07949522208768922
2018-05-31,0.07955821433964227
2018-06-01,0.07958921052711143
2018-06-02,0.0796282057307014
2018-06-03,0.07966520118026099
2018-06-04,0.07971519503101732
2018-06-05,0.07978318666804607
2018-06-06,0.07982818113372692
2018-06-07,0.07984417916596898
2018-06-08,0.07990817129493699
2018-06-09,0.07993216834330008
2018-06-10,0.07997516305495056
2018-06-11,0.08004215481496413
2018-06-12,0.08009114878870549
2018-06-13,0.08016214005677935
2018-06-14,0.08020013538335413
2018-06-15,0.0802251323087324
2018-06-16,0.08027012677441303
2018-06-17,0.0803141213630787
2018-06-18,0.08038011324607708
2018-06-19,0.08041310918757616
2018-06-20,0.08046310303833248
2018-06-21,0.08051409676610399
2018-06-22,0.08056409061686032
2018-06-23,0.08061008495955613
2018-06-24,0.08065407954822179
2018-06-25,0.08071707180017484
2018-06-26,0.08076506589690102
2018-06-27,0.08081505974765757
2018-06-28,0.08086205396736856
2018-06-29,0.08091304769514007
2018-06-30,0.08097004068500224
2018-07-01,0.08102003453575857
2018-07-02,0.08109702506592331
2018-07-03,0.08114801879369482
2018-07-04,0.08119801264445115
2018-07-05,0.08125300588028295
2018-07-06,0.08131299850119045
2018-07-07,0.08132699677940214
2018-07-08,0.08136899161403743
2018-07-09,0.08142198509583931
2018-07-10,0.08149697587197369
2018-07-11,0.08154896947676038
2018-07-12,0.08159596369647137
2018-07-13,0.08164795730125785
2018-07-14,0.08166295545648472
2018-07-15,0.0817059501681352
2018-07-16,0.0817659427890427
2018-07-17,0.08181393688576888
2018-07-18,0.08188992753891866
2018-07-19,0.08194392089773572
2018-07-20,0.08199791425655234
2018-07-21,0.0820269106899909
2018-07-22,0.08207190515567175
2018-07-23,0.08213089789956407
2018-07-24,0.08217489248822973
2018-07-25,0.08224288412525826
2018-07-26,0.08228587883690874
2018-07-27,0.08234987096587676
2018-07-28,0.08239486543155738
2018-07-29,0.08244185965126816
2018-07-30,0.08250085239516092
2018-07-31,0.08255184612293243
2018-08-01,0.08262183751399133
2018-08-02,0.08266683197967217
2018-08-03,0.08272182521550397
2018-08-04,0.08276581980416964
2018-08-05,0.08281081426985026
2018-08-06,0.08286880713672762
2018-08-07,0.08289780357016618
2018-08-08,0.082943797912862
2018-08-09,0.08298079336242181
2018-08-10,0.08305878376960174
2018-08-11,0.08308878008005571
2018-08-12,0.08313277466872138
2018-08-13,0.08319476704365925
2018-08-14,0.08325975904964222
2018-08-15,0.08331175265442892
2018-08-16,0.08332875056368594
2018-08-17,0.08337674466041212
2018-08-18,0.08345373519057686
2018-08-19,0.08349972953327267
2018-08-20,0.08356372166224091
2018-08-21,0.0836057164968762
2018-08-22,0.08366770887181407
2018-08-23,0.08371370321450966
2018-08-24,0.08377369583541738
2018-08-25,0.08382168993214356
2018-08-26,0.08386968402886974
2018-08-27,0.0839276768957471
2018-08-28,0.08397367123844313
2018-08-29,0.08402866447427515
2018-08-30,0.08407665857100133
2018-08-31,0.0841236527907121
2018-09-01,0.08418764491968012
2018-09-02,0.08423763877043644
2018-09-03,0.08431162966955585
2018-09-04,0.08436362327434255
2018-09-05,0.08441461700211406
2018-09-06,0.08446761048391571
2018-09-07,0.08451860421168722
2018-09-08,0.08456859806244377
2018-09-09,0.08462059166723024
2018-09-10,0.0846745850260473
2018-09-11,0.08472357899978844
2018-09-12,0.08477357285054499
2018-09-13,0.08479257051383238
2018-09-14,0.0848625619048915
2018-09-15,0.08492155464878404
2018-09-16,0.08496954874551021
2018-09-17,0.08502654173537239
2018-09-18,0.08507853534015886
2018-09-19,0.08513052894494555
2018-09-20,0.08518252254973224
2018-09-21,0.08523451615451871
2018-09-22,0.08528251025124489
2018-09-23,0.08533150422498603
2018-09-24,0.08538949709186361
2018-09-25,0.08544149069665008
2018-09-26,0.08549448417845174
2018-09-27,0.08554547790622324
2018-09-28,0.08560447065011578
2018-09-29,0.08565446450087211
2018-09-30,0.08570845785968872
2018-10-01,0.0857704502346266
2018-10-02,0.08582244383941329
2018-10-03,0.08586643842807873
2018-10-04,0.08592743092600164
2018-10-05,0.08598042440780351
2018-10-06,0.08602941838154465
2018-10-07,0.08608041210931616
2018-10-08,0.08613540534514819
2018-10-09,0.08618339944187414
2018-10-10,0.08624239218576668
2018-10-11,0.0862873866514473
2018-10-12,0.08634038013324918
2018-10-13,0.08639037398400551
2018-10-14,0.08643936795774687
2018-10-15,0.08649536107059386
2018-10-16,0.08651535861089643
2018-10-17,0.08656935196971327
2018-10-18,0.08663434397569647
2018-10-19,0.0867073349978007
2018-10-20,0.08676532786467783
2018-10-21,0.08682132097752504
2018-10-22,0.08688331335246291
2018-10-23,0.08692830781814354
2018-10-24,0.08698130129994519
2018-10-25,0.08704029404383773
2018-10-26,0.0870932875256396
2018-10-27,0.08714428125341112
2018-10-28,0.08719527498118262
2018-10-29,0.08725126809402961
2018-10-30,0.0873032616988163
2018-10-31,0.08735625518061796
2018-11-01,0.0874012496462988
2018-11-02,0.08746824140631215
2018-11-03,0.08751923513408366
2018-11-04,0.08756922898484021
2018-11-05,0.0876252220976872
2018-11-06,0.08767721570247389
2018-11-07,0.08773020918427554
2018-11-08,0.08778120291204705
2018-11-09,0.08784219540996996
2018-11-10,0.0878911893837111
2018-11-11,0.08794118323446765
2018-11-12,0.08799017720820879
2018-11-13,0.08804317069001066
2018-11-14,0.08809616417181232
2018-11-15,0.08812416072823592
2018-11-16,0.0881771542100378
2018-11-17,0.08823114756885464
2018-11-18,0.08828214129662615
2018-11-19,0.08833813440947313
2018-11-20,0.08841312518560751
2018-11-21,0.08846711854442435
2018-11-22,0.08851511264115053
2018-11-23,0.08856510649190685
2018-11-24,0.088614100465648
2018-11-25,0.08866509419341972
2018-11-26,0.08871908755223656
2018-11-27,0.08877908017314429
2018-11-28,0.0888300739009158
2018-11-29,0.08887706812062679
2018-11-30,0.088933061233474
2018-12-01,0.08898505483826047
2018-12-02,0.0890350486890168
2018-12-03,0.08909204167887919
2018-12-04,0.08912203798933294
2018-12-05,0.0891840303642708
2018-12-06,0.08925302187831474
2018-12-07,0.08930601536011662
2018-12-08,0.08935600921087294
2018-12-09,0.08940600306162927
2018-12-10,0.08946199617447648
2018-12-11,0.0895119900252328
2018-12-12,0.08955598461389824
2018-12-13,0.08960797821868471
2018-12-14,0.089658971946456
2018-12-15,0.08970696604318218
2018-12-16,0.08975596001692354
2018-12-17,0.08981095325275534
2018-12-18,0.08986194698052685
2018-12-19,0.0899069414462077
2018-12-20,0.08995793517397921
2018-12-21,0.09001092865578086
2018-12-22,0.09005692299847667
2018-12-23,0.09010591697221781
2018-12-24,0.09015991033103443
2018-12-25,0.09019290627253373
2018-12-26,0.0902688969256833
2018-12-27,0.09032089053046999
2018-12-28,0.09037688364331697
2018-12-29,0.09043787614123966
2018-12-30,0.09048687011498102
2018-12-31,0.0905348642117072
2019-01-01,0.09058085855440301
2019-01-02,0.09063885142128036
2019-01-03,0.09069184490308202
2019-01-04,0.09073383973771731
2019-01-05,0.09078283371145868
2019-01-06,0.0908278281771393
2019-01-07,0.09087282264281993
2019-01-08,0.0909398144028335
2019-01-09,0.09099480763866552
2019-01-10,0.09103880222733118
2019-01-11,0.09109779497122372
2019-01-12,0.09114378931391953
2019-01-13,0.09118778390258497
2019-01-14,0.09124877640050788
2019-01-15,0.09129577062021887
2019-01-16,0.09134776422500557
2019-01-17,0.09145275131159392
2019-01-18,0.09148374749906307
2019-01-19,0.09149474614622921
2019-01-20,0.09153874073489487
2019-01-21,0.09159473384774208
2019-01-22,0.0916597258537255
2019-01-23,0.09168872228716407
2019-01-24,0.09175171453911712
2019-01-25,0.0918467028555543
2019-01-26,0.09195668932721857
2019-01-27,0.09199968403886905
2019-01-28,0.09206667579888261
2019-01-29,0.09211966928068427
2019-01-30,0.09227465021802894
2019-01-31,0.09242963115537384
2019-02-01,0.09255261602823439
2019-02-02,0.0926406052055655
2019-02-03,0.09268959917930664
2019-02-04,0.0927565909393202
2019-02-05,0.09281858331425807
2019-02-06,0.0928685771650144
2019-02-07,0.0929295696629373
2019-02-08,0.09296856486652727
2019-02-09,0.0930135593322079
2019-02-10,0.09305855379788852
2019-02-11,0.09311754654178084
2019-02-12,0.09316854026955212
2019-02-13,0.09316254100746146
2019-02-14,0.09313354457402268
2019-02-15,0.09316354088447643
2019-02-16,0.09318753793283929
2019-02-17,0.09323153252150473
2019-02-18,0.09328952538838209
2019-02-19,0.09332952046898724
2019-02-20,0.0932985242815183
2019-02-21,0.09325053018479212
2019-02-22,0.09322653313642926
2019-02-23,0.09322953276747459
2019-02-24,0.09327352735614025
2019-02-25,0.09332552096092694
2019-02-26,0.09337551481168327
2019-02-27,0.09344650607975735
2019-02-28,0.09349849968454382
2019-03-01,0.09354249427320949
2019-03-02,0.09359648763202633
2019-03-03,0.09364048222069199
2019-03-04,0.09370247459562986
2019-03-05,0.09374146979921982
2019-03-06,0.09380046254311214
2019-03-07,0.09384845663983832
2019-03-08,0.09390145012163997
2019-03-09,0.09394644458732082
2019-03-10,0.09399143905300145
2019-03-11,0.09405143167390917
2019-03-12,0.09409542626257483
2019-03-13,0.09410542503272623
2019-03-14,0.09419241433304237
2019-03-15,0.09424540781484425
2019-03-16,0.09427740387932837
2019-03-17,0.09432239834500922
2019-03-18,0.0943833908429319
2019-03-19,0.0944253856775672
2019-03-20,0.09449837669967143
2019-03-21,0.09454437104236724
2019-03-22,0.09459136526207823
2019-03-23,0.09463336009671353
2019-03-24,0.09467835456239437
2019-03-25,0.09473934706031706
2019-03-26,0.09480133943525493
2019-03-27,0.0948443341469054
2019-03-28,0.0949013271367678
2019-03-29,0.09513729811233773
2019-03-30,0.0952642824932588
2019-03-31,0.09530927695893943
2019-04-01,0.09538826724313454
2019-04-02,0.09538826724313454
2019-04-03,0.09531927572909082
2019-04-04,0.09529727843475788
2019-04-05,0.09531727597506046
2019-04-06,0.09536327031775649
2019-04-07,0.09540726490642215
2019-04-08,0.09546625765031491
2019-04-09,0.09551625150107124
2019-04-10,0.09556724522884275
2019-04-11,0.09561623920258411
2019-04-12,0.09566023379124955
2019-04-13,0.09570522825693017
2019-04-14,0.09574922284559562
2019-04-15,0.09580921546650334
2019-04-16,0.09586120907129003
2019-04-17,0.09588220648860779
2019-04-18,0.09596219664981809
2019-04-19,0.09598219419012066
2019-04-20,0.09606118447431555
2019-04-21,0.09610617893999618
2019-04-22,0.09616817131493405
2019-04-23,0.09620416688747846
2019-04-24,0.09624916135315931
2019-04-25,0.09629915520391563
2019-04-26,0.09635514831676284
2019-04-27,0.09640014278244347
2019-04-28,0.09644513724812431
2019-04-29,0.09649013171380494
2019-04-30,0.09656112298187924
2019-05-01,0.09661311658666594
2019-05-02,0.09667110945354329
2019-05-03,0.0967171037962391
2019-05-04,0.09676209826191973
2019-05-05,0.09680709272760035
2019-05-06,0.09686708534850785
2019-05-07,0.09692407833837025
2019-05-08,0.09697407218912657
2019-05-09,0.0970240660398829
2019-05-10,0.09705906173541234
2019-05-11,0.09710005669303268
2019-05-12,0.0971450511587133
2019-05-13,0.09719604488648459
2019-05-14,0.09724403898321055
2019-05-15,0.09728603381784584
2019-05-16,0.09730503148113345
2019-05-17,0.09737902238025309
2019-05-18,0.09745601291041783
2019-05-19,0.09750100737609846
2019-05-20,0.09756399962805173
2019-05-21,0.09761499335582324
2019-05-22,0.09764598954329218
2019-05-23,0.09769698327106369
2019-05-24,0.09775697589197141
2019-05-25,0.09779997060362189
2019-05-26,0.09784296531527237
2019-05-27,0.09790495769021024
2019-05-28,0.09795395166395138
2019-05-29,0.09800094588366237
2019-05-30,0.09804893998038855
2019-05-31,0.09808993493800866
2019-06-01,0.09813592928070447
2019-06-02,0.09817992386937013
2019-06-03,0.09823591698221734
2019-06-04,0.09827791181685264
2019-06-05,0.09833090529865451
2019-06-06,0.09838389878045617
2019-06-07,0.09842389386106132
2019-06-08,0.09847488758883283
2019-06-09,0.09851888217749827
2019-06-10,0.09857287553631533
2019-06-11,0.09861387049393544
2019-06-12,0.09865886495961629
2019-06-13,0.09867586286887331
2019-06-14,0.09874085487485651
2019-06-15,0.09877685044740092
2019-06-16,0.09881284601994555
2019-06-17,0.09887083888682291
2019-06-18,0.09891983286056427
2019-06-19,0.09895482855609372
2019-06-20,0.09899682339072902
2019-06-21,0.0990628152737274
2019-06-22,0.09910481010836292
2019-06-23,0.09914880469702858
2019-06-24,0.09920579768689097
2019-06-25,0.09925779129167767
2019-06-26,0.09935577923916017
2019-06-27,0.09949476214426278
2019-06-28,0.09967573988400091
2019-06-29,0.09970273656340956
2019-06-30,0.09974673115207522
2019-07-01,0.0998127230350736
2019-07-02,0.09985271811567875
2019-07-03,0.09984471909955772
2019-07-04,0.0997897258637257
2019-07-05,0.09975073066013573
2019-07-06,0.09980172438790724
2019-07-07,0.0998457189765729
2019-07-08,0.09989571282732945
2019-07-09,0.09993670778494956
2019-07-10,0.09995970495629747
2019-07-11,0.10000669917600824
2019-07-12,0.10006869155094611
2019-07-13,0.10010268736946037
2019-07-14,0.10014568208111085
2019-07-15,0.10020067531694288
2019-07-16,0.10024866941366883
2019-07-17,0.10029366387934968
2019-07-18,0.10033865834503031
2019-07-19,0.1004006507199684
2019-07-20,0.10041964838325579
2019-07-21,0.1004616432178913
2019-07-22,0.10051363682267778
2019-07-23,0.10058262833672149
2019-07-24,0.10061962378628131
2019-07-25,0.10065061997375002
2019-07-26,0.10070061382450635
2019-07-27,0.10074160878212668
2019-07-28,0.10078260373974679
2019-07-29,0.10080860054214003
2019-07-30,0.10085059537677554
2019-07-31,0.10091058799768327
2019-08-01,0.10098357901978772
2019-08-02,0.10103557262457419
2019-08-03,0.10107956721323985
2019-08-04,0.10112756130996581
2019-08-05,0.1011745555296768
2019-08-06,0.10121355073326677
2019-08-07,0.10125554556790206
2019-08-08,0.10127254347715908
2019-08-09,0.1013325360980668
2019-08-10,0.10136053265449041
2019-08-11,0.10139752810405
2019-08-12,0.10144152269271545
2019-08-13,0.10148051789630541
2019-08-14,0.10151251396078931
2019-08-15,0.10158150547483302
2019-08-16,0.10160950203125663
2019-08-17,0.1016664950211188
2019-08-18,0.10170349047067861
2019-08-19,0.10175448419845012
2019-08-20,0.10179547915607046
2019-08-21,0.10180447804920667
2019-08-22,0.1018594712850387
2019-08-23,0.10187946882534105
2019-08-24,0.10192146365997634
2019-08-25,0.10195145997043009
2019-08-26,0.10199645443611094
2019-08-27,0.10204144890179156
2019-08-28,0.10207144521224532
2019-08-29,0.10211244016986565
2019-08-30,0.10212643844807756
2019-08-31,0.10216743340569767
2019-09-01,0.10220142922421194
2019-09-02,0.10225942209108929
2019-09-03,0.1023054164337851
2019-09-04,0.10235141077648091
2019-09-05,0.10238640647201036
2019-09-06,0.1023704084397683
2019-09-07,0.10242840130664566
2019-09-08,0.10245739774008422
2019-09-09,0.10248639417352279
2019-09-10,0.10253338839323378
2019-09-11,0.10259538076817165
2019-09-12,0.10261837793951956
2019-09-13,0.10266737191326092
2019-09-14,0.10269736822371467
2019-09-15,0.10272736453416842
2019-09-16,0.10276635973775838
2019-09-17,0.10280035555627265
2019-09-18,0.10280235531030302
2019-09-19,0.10282735223568107
2019-09-20,0.10283735100583247
2019-09-21,0.10291334165898203
2019-09-22,0.10294333796943578
2019-09-23,0.10299033218914677
2019-09-24,0.10302432800766104
2019-09-25,0.10306032358020567
2019-09-26,0.10308832013662927
2019-09-27,0.10313231472529494
2019-09-28,0.10319030759217229
2019-09-29,0.10323930156591343
2019-09-30,0.10329329492473005
2019-10-01,0.10333229012832001
2019-10-02,0.10337728459400064
2019-10-03,0.1034132801665455
2019-10-04,0.10344827586207517
2019-10-05,0.10347827217252914
2019-10-06,0.10350826848298311
2019-10-07,0.10354826356358804
2019-10-08,0.10358125950508734
2019-10-09,0.10361225569255605
2019-10-10,0.10365125089614602
2019-10-11,0.10367924745256962
2019-10-12,0.10370024486988716
2019-10-13,0.10372124228720492
2019-10-14,0.10375223847467385
2019-10-15,0.10376023749079488
2019-10-16,0.10378923392423345
2019-10-17,0.10381023134155098
2019-10-18,0.10385022642215613
2019-10-19,0.1038842222406704
2019-10-20,0.10390821928903349
2019-10-21,0.10394721449262345
2019-10-22,0.10397621092606224
2019-10-23,0.10399320883531948
2019-10-24,0.1040252048998036
2019-10-25,0.10405020182518165
2019-10-26,0.10408219788966577
2019-10-27,0.10410519506101368
2019-10-28,0.1041421905105735
2019-10-29,0.10416418780490644
2019-10-30,0.10423317931895015
2019-10-31,0.10432916751240251
2019-11-01,0.10430817009508497
2019-11-02,0.10439315964137075
2019-11-03,0.10441715668973361
2019-11-04,0.10445515201630862
2019-11-05,0.10443415459899086
2019-11-06,0.10443415459899086
2019-11-07,0.10445215238526329
2019-11-08,0.10448814795780792
2019-11-09,0.10450914537512546
2019-11-10,0.10453214254647336
2019-11-11,0.10455613959483645
2019-11-12,0.10459813442947175
2019-11-13,0.10461313258469884
2019-11-14,0.10465612729634932
2019-11-15,0.10467712471366708
2019-11-16,0.10469712225396943
2019-11-17,0.1047211193023323
2019-11-18,0.10475511512084656
2019-11-19,0.10478011204622484
2019-11-20,0.10481010835667859
2019-11-21,0.10484210442116249
2019-11-22,0.10489209827191881
2019-11-23,0.10497408818715925
2019-11-24,0.10499808523552234
2019-11-25,0.105042079824188
2019-11-26,0.10507407588867212
2019-11-27,0.10511107133823194
2019-11-28,0.10516106518898827
2019-11-29,0.10529004932393948
2019-11-30,0.1053740389932103
2019-12-01,0.10540503518067923
2019-12-02,0.1054670275556171
2019-12-03,0.10550002349711618
2019-12-04,0.10546902730964725
2019-12-05,0.10544802989232971
2019-12-06,0.1054850253418893
2019-12-07,0.10548602521890427
2019-12-08,0.10551002226726736
2019-12-09,0.10553401931563045
2019-12-10,0.10557301451922041
2019-12-11,0.10560701033773467
2019-12-12,0.10562100861594659
2019-12-13,0.10564400578729471
2019-12-14,0.10566900271267299
2019-12-15,0.10569399963805126
2019-12-16,0.10572899533358071
2019-12-17,0.10574499336582277
2019-12-18,0.10577298992224637
2019-12-19,0.10577498967627652
2019-12-20,0.10574499336582255
2019-12-21,0.10574099385776203
2019-12-22,0.1057699902912006
2019-12-23,0.10580498598673005
2019-12-24,0.10583798192822913
2019-12-25,0.1058629788536074
2019-12-26,0.10591297270436373
2019-12-27,0.10595096803093851
2019-12-28,0.10599796225064928
2019-12-29,0.10602695868408807
2019-12-30,0.10605995462558737
2019-12-31,0.10605995462558737
2020-01-01,0.10614494417187337
2020-01-02,0.10619693777666006
2020-01-03,0.10622693408711381
2020-01-04,0.10625693039756756
2020-01-05,0.10628392707697576
2020-01-06,0.10630992387936922
2020-01-07,0.10633692055877764
2020-01-08,0.1063809151474433
2020-01-09,0.1064129112119272
2020-01-10,0.10644390739939613
2020-01-11,0.10650290014328867
2020-01-12,0.10652989682269709
2020-01-13,0.10657289153434757
2020-01-14,0.10657789091942327
2020-01-15,0.10659988821375599
2020-01-16,0.10662988452420974
2020-01-17,0.10664988206451254
2020-01-18,0.10669887603825368
2020-01-19,0.1067258727176621
2020-01-20,0.10676986730632776
2020-01-21,0.10679386435469085
2020-01-22,0.10692384836665747
2020-01-23,0.10707982918101733
2020-01-24,0.10736279437629848
2020-01-25,0.1074827796181137
2020-01-26,0.10750877642050694
2020-01-27,0.10757176867245977
2020-01-28,0.10759776547485322
2020-01-29,0.10763976030948874
2020-01-30,0.10772974924085021
2020-01-31,0.1078607331298318
2020-02-01,0.10792472525880004
2020-02-02,0.10795772120029912
2020-02-03,0.1080237130832975
2020-02-04,0.10808770521226552
2020-02-05,0.10813169980093118
2020-02-06,0.10815969635735478
2020-02-07,0.10809070484331085
2020-02-08,0.10803571160747882
2020-02-09,0.10806270828688724
2020-02-10,0.10808070607315967
2020-02-11,0.10808270582718982
2020-02-12,0.10811570176868912
2020-02-13,0.10811570176868912
2020-02-14,0.10806870754897813
2020-02-15,0.10788972956327036
2020-02-16,0.10792172562775448
2020-02-17,0.10794772243014772
2020-02-18,0.10791772611969397
2020-02-19,0.1078687321459526
2020-02-20,0.1078177384181811
2020-02-21,0.10775674592025841
2020-02-22,0.10778574235369698
2020-02-23,0.10782073804922643
2020-02-24,0.10786373276087691
2020-02-25,0.10792072575073908
2020-02-26,0.10814969758720294
2020-02-27,0.10854264925414792
2020-02-28,0.10897559600169782
2020-02-29,0.10912957706202753
2020-03-01,0.10916757238860253
2020-03-02,0.10926256070503948
2020-03-03,0.10933255209609838
2020-03-04,0.10936254840655213
2020-03-05,0.10939854397909654
2020-03-06,0.10943853905970169
2020-03-07,0.10947453463224632
2020-03-08,0.1095125299588211
2020-03-09,0.10956052405554728
2020-03-10,0.10959451987406155
2020-03-11,0.10963451495466647
2020-03-12,0.10967151040422629
2020-03-13,0.10971850462393729
2020-03-14,0.10978349662992071
2020-03-15,0.1098204920794803
2020-03-16,0.10986948605322167
2020-03-17,0.10989048347053942
2020-03-18,0.10991648027293288
2020-03-19,0.10995247584547752
2020-03-20,0.10998747154100696
2020-03-21,0.1100184677284759
2020-03-22,0.1100504637929598
2020-03-23,0.11009645813565583
2020-03-24,0.11014345235536682
2020-03-25,0.1101714489117902
2020-03-26,0.1102084443613498
2020-03-27,0.1102414403028491
2020-03-28,0.11027243649031804
2020-03-29,0.11030243280077179
2020-03-30,0.11030843206286267
2020-03-31,0.11034242788137694
2020-04-01,0.11039442148616363
2020-04-02,0.11042941718169308
2020-04-03,0.11046441287722253
2020-04-04,0.11049440918767628
2020-04-05,0.11052540537514499
2020-04-06,0.11056640033276532
2020-04-07,0.1106043956593401
2020-04-08,0.11063839147785437
2020-04-09,0.11066638803427797
2020-04-10,0.11069938397577728
2020-04-11,0.11072738053220088
2020-04-12,0.11075637696563945
2020-04-13,0.11079037278415371
2020-04-14,0.11082236884863783
2020-04-15,0.1108563646671521
2020-04-16,0.1108893606086514
2020-04-17,0.11091835704209019
2020-04-18,0.11094735347552898
2020-04-19,0.11097535003195236
2020-04-20,0.11100334658837618
2020-04-21,0.11105634007017784
2020-04-22,0.11109133576570729
2020-04-23,0.11112533158422155
2020-04-24,0.11116132715676641
2020-04-25,0.11118832383617483
2020-04-26,0.11121732026961362
2020-04-27,0.11126331461230943
2020-04-28,0.11130330969291458
2020-04-29,0.11133630563441366
2020-04-30,0.11137530083800362
2020-05-01,0.11141029653353307
2020-05-02,0.11144529222906252
2020-05-03,0.11148028792459197
2020-05-04,0.11153428128340881
2020-05-05,0.11156427759386256
2020-05-06,0.11154328017654502
2020-05-07,0.11155627857774175
2020-05-08,0.11150928435803076
2020-05-09,0.11151328386609127
2020-05-10,0.11154727968460554
2020-05-11,0.11158727476521046
2020-05-12,0.11169226185179904
2020-05-13,0.11175725385778223
2020-05-14,0.11186324082138555
2020-05-15,0.11194723049065636
2020-05-16,0.11198322606320099
2020-05-17,0.11201122261962437
2020-05-18,0.11204921794619915
2020-05-19,0.11208721327277393
2020-05-20,0.11212020921427324
2020-05-21,0.11214820577069684
2020-05-22,0.11217520245010548
2020-05-23,0.11220119925249894
2020-05-24,0.11222719605489218
2020-05-25,0.11225419273430037
2020-05-26,0.11229918719998122
2020-05-27,0.11227718990564828
2020-05-28,0.11231218560117795
2020-05-29,0.11235817994387376
2020-05-30,0.11237517785313078
2020-05-31,0.11240517416358453
2020-06-01,0.1124541681373259
2020-06-02,0.11248616420181001
2020-06-03,0.11251116112718806
2020-06-04,0.11254915645376307
2020-06-05,0.11256715424003527
2020-06-06,0.11258915153436821
2020-06-07,0.11261114882870116
2020-06-08,0.11264614452423061
2020-06-09,0.11267714071169954
2020-06-10,0.11270713702215351
2020-06-11,0.1127261346854409
2020-06-12,0.11273913308663763
2020-06-13,0.11276213025798554
2020-06-14,0.11278412755231848
2020-06-15,0.11281712349381756
2020-06-16,0.11286811722158907
2020-06-17,0.11286811722158907
2020-06-18,0.11289611377801245
2020-06-19,0.11292111070339073
2020-06-20,0.11294310799772345
2020-06-21,0.11296510529205595
2020-06-22,0.11299910111057021
2020-06-23,0.1130240980359487
2020-06-24,0.11305009483834194
2020-06-25,0.11307809139476555
2020-06-26,0.11310708782820411
2020-06-27,0.1131310848765672
2020-06-28,0.11315408204791488
2020-06-29,0.11319607688255018
2020-06-30,0.11322507331598897
2020-07-01,0.1132650683965939
2020-07-02,0.1132930649530175
2020-07-03,0.11332306126347147
2020-07-04,0.11334605843481915
2020-07-05,0.11337005548318224
2020-07-06,0.11340105167065118
2020-07-07,0.11342904822707478
2020-07-08,0.11345704478349816
2020-07-09,0.11348504133992177
2020-07-10,0.11351303789634515
2020-07-11,0.1135430342067989
2020-07-12,0.11356703125516221
2020-07-13,0.11359402793457041
2020-07-14,0.11361502535188817
2020-07-15,0.11364002227726622
2020-07-16,0.11367301821876552
2020-07-17,0.11370301452921949
2020-07-18,0.11373401071668843
2020-07-19,0.11375900764206648
2020-07-20,0.11379800284565644
2020-07-21,0.11383299854118589
2020-07-22,0.11385199620447328
2020-07-23,0.11387999276089689
2020-07-24,0.11390998907135064
2020-07-25,0.11393298624269832
2020-07-26,0.11395698329106141
2020-07-27,0.1139909791095759
2020-07-28,0.11402297517406002
2020-07-29,0.11405897074660465
2020-07-30,0.11408696730302825
2020-07-31,0.11412396275258807
2020-08-01,0.11415495894005678
2020-08-02,0.1141869550045409
2020-08-03,0.11421895106902502
2020-08-04,0.11425594651858462
2020-08-05,0.11429694147620473
2020-08-06,0.11433193717173418
2020-08-07,0.11434893508099142
2020-08-08,0.11437293212935429
2020-08-09,0.11439692917771738
2020-08-10,0.11442992511921668
2020-08-11,0.11446492081474613
2020-08-12,0.1129371087356319
2020-08-13,0.1129471075057833
2020-08-14,0.1129751040622069
2020-08-15,0.11300310061863028
2020-08-16,0.11302909742102374
2020-08-17,0.11306909250162889
2020-08-18,0.11310008868909782
2020-08-19,0.11313608426164246
2020-08-20,0.11316808032612657
2020-08-21,0.11320207614464084
2020-08-22,0.11322307356195838
2020-08-23,0.11324407097927613
2020-08-24,0.11328006655182077
2020-08-25,0.11331106273928993
2020-08-26,0.11334205892675886
2020-08-27,0.1133730551142278
2020-08-28,0.11340305142468177
2020-08-29,0.11343104798110537
2020-08-30,0.11346004441454394
2020-08-31,0.11350103937216427
2020-09-01,0.11353403531366357
2020-09-02,0.11357703002531383
2020-09-03,0.1136020269506921
2020-09-04,0.113634023015176
2020-09-05,0.11366101969458442
2020-09-06,0.11368801637399262
2020-09-07,0.11372801145459777
2020-09-08,0.11376300715012722
2020-09-09,0.11380200235371718
2020-09-10,0.11383499829521626
2020-09-11,0.1138709938677609
2020-09-12,0.11390099017821464
2020-09-13,0.11393198636568336
2020-09-14,0.11396398243016748
2020-09-15,0.11400197775674226
2020-09-16,0.1140369734522717
2020-09-17,0.11407596865586167
2020-09-18,0.11411396398243645
2020-09-19,0.11414795980095072
2020-09-20,0.1141809557424498
2020-09-21,0.11422495033111546
2020-09-22,0.11425694639559958
2020-09-23,0.11429794135321969
2020-09-24,0.1143389363108398
2020-09-25,0.11438493065353561
2020-09-26,0.11440992757891366
2020-09-27,0.11444392339742793
2020-09-28,0.11448691810907818
2020-09-29,0.11451891417356208
2020-09-30,0.11456190888521256
2020-10-01,0.11460190396581749
2020-10-02,0.11463789953836212
2020-10-03,0.11467189535687639
2020-10-04,0.11470489129837569
2020-10-05,0.11474888588704135
2020-10-06,0.11478888096764628
2020-10-07,0.11482587641720587
2020-10-08,0.1148608721127351
2020-10-09,0.1148988674393101
2020-10-10,0.11493286325782437
2020-10-11,0.11496585919932345
2020-10-12,0.11499985501783772
2020-10-13,0.1150328509593368
2020-10-14,0.11506684677785106
2020-10-15,0.11509984271935036
2020-10-16,0.11513983779995529
2020-10-17,0.11517383361846956
2020-10-18,0.11520782943698404
2020-10-19,0.11524982427161934
2020-10-20,0.11528681972117893
2020-10-21,0.11532281529372357
2020-10-22,0.11535881086626798
2020-10-23,0.1153988059468729
2020-10-24,0.11543480151941732
2020-10-25,0.11546979721494677
2020-10-26,0.1155157915576428
2020-10-27,0.11554678774511173
2020-10-28,0.11558878257974703
2020-10-29,0.11562077864423115
2020-10-30,0.11565677421677556
2020-10-31,0.11569176991230479
2020-11-01,0.11572676560783424
2020-11-02,0.11576976031948472
2020-11-03,0.1158077556460595
2020-11-04,0.1158457509726345
2020-11-05,0.11588174654517913
2020-11-06,0.11591674224070858
2020-11-07,0.11595173793623825
2020-11-08,0.11598573375475252
2020-11-09,0.11602972834341796
2020-11-10,0.11607072330103829
2020-11-11,0.11610771875059789
2020-11-12,0.11614571407717267
2020-11-13,0.11617071100255072
2020-11-14,0.11620570669808017
2020-11-15,0.11623970251659443
2020-11-16,0.11628169735122995
2020-11-17,0.11631969267780473
2020-11-18,0.11635768800437951
2020-11-19,0.11639468345393933
2020-11-20,0.11643267878051411
2020-11-21,0.11646767447604356
2020-11-22,0.11650167029455782
2020-11-23,0.11654866451426882
2020-11-24,0.11658466008681345
2020-11-25,0.11662265541338823
2020-11-26,0.11665965086294805
2020-11-27,0.11670664508265904
2020-11-28,0.11673164200803732
2020-11-29,0.11676463794953662
2020-11-30,0.11680963241521725
2020-12-01,0.11682463057044412
2020-12-02,0.11672564274594643
2020-12-03,0.11675663893341537
2020-12-04,0.1167916346289446
2020-12-05,0.11681863130835302
2020-12-06,0.11684562798776144
2020-12-07,0.11689062245344228
2020-12-08,0.11692361839494159
2020-12-09,0.11696461335256192
2020-12-10,0.11700360855615188
2020-12-11,0.1170306052355603
2020-12-12,0.11705960166899887
2020-12-13,0.1170905978564678
2020-12-14,0.11713259269110332
2020-12-15,0.1171705880176781
2020-12-16,0.1172075834672377
2020-12-17,0.11724157928575196
2020-12-18,0.11727957461232696
2020-12-19,0.1173105707997959
2020-12-20,0.11734256686428002
2020-12-21,0.11738656145294568
2020-12-22,0.11742755641056579
2020-12-23,0.11746155222908006
2020-12-24,0.1174965479246095
2020-12-25,0.11753454325118451
2020-12-26,0.1175665393156684
2020-12-27,0.11759853538015252
2020-12-28,0.11764252996881819
2020-12-29,0.11767252627927194
2020-12-30,0.11771852062196775
2020-12-31,0.11774851693242172
2021-01-01,0.1171055960116949
2021-01-02,0.11713759207617902
2021-01-03,0.11716858826364773
2021-01-04,0.11715858949349656
2021-01-05,0.11697061261465258
2021-01-06,0.11680863253820184
2021-01-07,0.116839628725671
2021-01-08,0.11684862761880721
2021-01-09,0.11684862761880721
2021-01-10,0.11687962380627615
2021-01-11,0.11691661925583574
2021-01-12,0.11699660941704582
2021-01-13,0.1170126074492881
2021-01-14,0.11715359010842108
2021-01-15,0.11755054128342657
2021-01-16,0.1176385304607579
2021-01-17,0.11766352738613595
2021-01-18,0.11773851816227032
2021-01-19,0.11784450512587363
2021-01-20,0.1178835003294636
2021-01-21,0.11794149319634117
2021-01-22,0.11797348926082529
2021-01-23,0.11799848618620334
2021-01-24,0.11802348311158184
2021-01-25,0.11806047856114144
2021-01-26,0.1182424561778943
2021-01-27,0.11841043551643571
2021-01-28,0.11847542752241891
2021-01-29,0.11849842469376703
2021-01-30,0.11852842100422101
2021-01-31,0.1185574174376598
2021-02-01,0.11860741128841612
2021-02-02,0.11863740759886987
2021-02-03,0.1186684037863388
2021-02-04,0.11869840009679256
2021-02-05,0.11872639665321616
2021-02-06,0.11875439320963976
2021-02-07,0.11877939013501804
2021-02-08,0.11881438583054749
2021-02-09,0.11884538201801642
2021-02-10,0.11888037771354565
2021-02-11,0.11891637328609028
2021-02-12,0.11894037033445337
2021-02-13,0.11896536725983164
2021-02-14,0.11899136406222488
2021-02-15,0.11902535988073937
2021-02-16,0.11905435631417793
2021-02-17,0.11908635237866205
2021-02-18,0.1191133490580707
2021-02-19,0.11913534635240342
2021-02-20,0.11916234303181183
2021-02-21,0.11918534020315974
2021-02-22,0.11924833245511257
2021-02-23,0.11924833245511257
2021-02-24,0.11927632901153618
2021-02-25,0.1193083250760203
2021-02-26,0.11933732150945908
2021-02-27,0.11936331831185232
2021-02-28,0.1193913148682757
2021-03-01,0.1194383090879867
2021-03-02,0.11945330724321357
2021-03-03,0.11948230367665214
2021-03-04,0.11951229998710611
2021-03-05,0.11953829678949934
2021-03-06,0.1195632937148774
2021-03-07,0.11958829064025545
2021-03-08,0.11962528608981504
2021-03-09,0.11965628227728398
2021-03-10,0.11973727231550946
2021-03-11,0.11975726985581225
2021-03-12,0.11978226678119053
2021-03-13,0.11980326419850829
2021-03-14,0.11982526149284123
2021-03-15,0.11985825743434053
2021-03-16,0.11988425423673377
2021-03-17,0.11991125091614241
2021-03-18,0.11994024734958098
2021-03-19,0.11996924378301954
2021-03-20,0.11998524181526138
2021-03-21,0.12000523935556395
2021-03-22,0.12003623554303267
2021-03-23,0.12006023259139575
2021-03-24,0.12008422963975884
2021-03-25,0.12010622693409179
2021-03-26,0.12013322361350043
2021-03-27,0.1201482217687273
2021-03-28,0.12016821930902988
2021-03-29,0.12020521475858947
2021-03-30,0.12024321008516448
2021-03-31,0.11998124230720109
2021-04-01,0.11951130011009137
2021-04-02,0.11938631548320044
2021-04-03,0.11943430957992662
2021-04-04,0.11945330724321401
2021-04-05,0.1194863031847131
2021-04-06,0.11962028670474023
2021-04-07,0.11979026579731178
2021-04-08,0.11993224833345995
2021-04-09,0.119948246365702
2021-04-10,0.11998324206123168
2021-04-11,0.1200052393555644
2021-04-12,0.12003823529706348
2021-04-13,0.12004123492810881
2021-04-14,0.1200702313615476
2021-04-15,0.12011822545827378
2021-04-16,0.1200562330833359
2021-04-17,0.12014222250663686
2021-04-18,0.12017521844813595
2021-04-19,0.12020821438963503
2021-04-20,0.12024021045411937
2021-04-21,0.12026720713352756
2021-04-22,0.12026520737949742
2021-04-23,0.12029520368995117
2021-04-24,0.12029020430487547
2021-04-25,0.12031820086129907
2021-04-26,0.12035519631085889
2021-04-27,0.12044718499625051
2021-04-28,0.12042518770191779
2021-04-29,0.12047518155267434
2021-04-30,0.12055317195985427
2021-05-01,0.12058216839329305
2021-05-02,0.12061116482673162
2021-05-03,0.120639161383155
2021-05-04,0.12069515449600221
2021-05-05,0.12067715670973
2021-05-06,0.12070815289719894
2021-05-07,0.12074214871571343
2021-05-08,0.12078214379631858
2021-05-09,0.12081313998378751
2021-05-10,0.1208551348184228
2021-05-11,0.1208501354333471
2021-05-12,0.12084813567931696
2021-05-13,0.12056317073000566
2021-05-14,0.12057016986911151
2021-05-15,0.12047418167565915
2021-05-16,0.1205041779861129
2021-05-17,0.12053417429656665
2021-05-18,0.12041518893176661
2021-05-19,0.12036619495802525
2021-05-20,0.12034719729473786
2021-05-21,0.12037219422011591
2021-05-22,0.12039919089952433
2021-05-23,0.12042918720997808
2021-05-24,0.12045918352043206
2021-05-25,0.12050417798611268
2021-05-26,0.12059016740941386
2021-05-27,0.12079414232049968
2021-05-28,0.12096412141307145
2021-05-29,0.12123308833014046
2021-05-30,0.12126308464059421
2021-05-31,0.12132807664657763
2021-06-01,0.12159104430155598
2021-06-02,0.12185501183354952
2021-06-03,0.12200999277089442
2021-06-04,0.12213597727480052
2021-06-05,0.12220796841988979
2021-06-06,0.12223696485332836
2021-06-07,0.12228295919602417
2021-06-08,0.1223189547685688
2021-06-09,0.12234095206290174
2021-06-10,0.12242494173217233
2021-06-11,0.12250393201636745
2021-06-12,0.12255192611309362
2021-06-13,0.12258392217757752
2021-06-14,0.122626916889228
2021-06-15,0.12265391356863664
2021-06-16,0.12268690951013572
2021-06-17,0.12270890680446844
2021-06-18,0.12272590471372569
2021-06-19,0.12275290139313433
2021-06-20,0.12277989807254253
2021-06-21,0.12282089303016286
2021-06-22,0.12285788847972245
2021-06-23,0.12288888466719139
2021-06-24,0.12291788110062996
2021-06-25,0.12295187691914422
2021-06-26,0.12297387421347716
2021-06-27,0.12300287064691595
2021-06-28,0.12304186585050592
2021-06-29,0.1230898599472321
2021-06-30,0.12311585674962555
2021-07-01,0.123150852445155
2021-07-02,0.12318084875560897
2021-07-03,0.12320884531203258
2021-07-04,0.12323884162248633
2021-07-05,0.12327783682607629
2021-07-06,0.12331183264459056
2021-07-07,0.12332683079981765
2021-07-08,0.1230488649896122
2021-07-09,0.1227698993023918
2021-07-10,0.12270190766536326
2021-07-11,0.12273090409880205
2021-07-12,0.12270890680446933
2021-07-13,0.12270190766536349
2021-07-14,0.12268590963312143
2021-07-15,0.1226409151674408
2021-07-16,0.12248593423009613
2021-07-17,0.12239894492977998
2021-07-18,0.12242694148620359
2021-07-19,0.12244693902650616
2021-07-20,0.12234695132499351
2021-07-21,0.12224596374646568
2021-07-22,0.1222729604258741
2021-07-23,0.12232295427663042
2021-07-24,0.12232995341573605
2021-07-25,0.12235695009514447
2021-07-26,0.1223929456676891
2021-07-27,0.12240694394590079
2021-07-28,0.12239494542171925
2021-07-29,0.12236594898828046
2021-07-30,0.12243894001038469
2021-07-31,0.1224999325083076
2021-08-01,0.12252692918771602
2021-08-02,0.12255492574413962
2021-08-03,0.12260092008683543
2021-08-04,0.12270090778834808
2021-08-06,0.12278689721164882
2021-08-07,0.12282089303016308
2021-08-08,0.12284988946360165
2021-08-09,0.12288788479017643
2021-08-10,0.1229358788869026
2021-08-11,0.1229778737215379
2021-08-12,0.12299987101587084
2021-08-14,0.12305086474364235
2021-08-15,0.12307786142305077
2021-08-16,0.12311285711858022
2021-08-17,0.12314385330604916
2021-08-18,0.12317984887859379
2021-08-19,0.12323984149950151
2021-08-20,0.12325583953174335
2021-08-21,0.12327483719503096
2021-08-22,0.12330383362846975
2021-08-23,0.12333782944698402
2021-08-24,0.12335982674131696
2021-08-25,0.12339882194490692
2021-08-26,0.12343181788640623
2021-08-27,0.12345981444282983
2021-08-28,0.1234748125980567
2021-08-29,0.12349880964641957
2021-08-30,0.12353380534194902
2021-08-31,0.12357280054553899
2021-09-01,0.12363379304346189
2021-09-02,0.12363379304346189
2021-09-03,0.12365579033779484
2021-09-04,0.12368678652526377
2021-09-05,0.12371078357362686
2021-09-06,0.12374777902318645
2021-09-07,0.12383676807753274
2021-09-08,0.12399974803099845
2021-09-09,0.12404874200473959
2021-09-10,0.12424071839164408
2021-09-11,0.12436070363345952
2021-09-12,0.12438570055883758
2021-09-13,0.12444169367168456
2021-09-14,0.12455667952842431
2021-09-15,0.12459767448604442
2021-09-16,0.12462367128843788
2021-09-17,0.1247856513648884
2021-09-18,0.12495663033447513
2021-09-19,0.12498262713686836
2021-09-20,0.12504861901986675
2021-09-21,0.12522559725154436
2021-09-22,0.12531858581395117
2021-09-23,0.12539757609814628
2021-09-24,0.12543257179367573
2021-09-25,0.12545756871905378
2021-09-26,0.12548256564443205
2021-09-27,0.12552156084802202
2021-09-28,0.12556555543668768
2021-09-29,0.12558655285400544
2021-09-30,0.12561554928744423
2021-10-01,0.12560855014833838
2021-10-02,0.1255845530999753
2021-10-03,0.12561054990236853
2021-10-04,0.12564654547491316
2021-10-05,0.12566554313820033
2021-10-06,0.12571653686597162
2021-10-07,0.1257875281340457
2021-10-08,0.12581752444449945
2021-10-09,0.12585951927913475
2021-10-10,0.12588251645048243
2021-10-11,0.12590651349884552
2021-10-12,0.12594550870243548
2021-10-13,0.1259735052588591
2021-10-14,0.12599750230722218
2021-10-15,0.1260244989866306
2021-10-16,0.12604849603499368
2021-10-17,0.12607249308335655
2021-10-18,0.12610848865590119
2021-10-19,0.1261364852123248
2021-10-20,0.12616648152277854
2021-10-21,0.12619347820218696
2021-10-22,0.12621947500458042
2021-10-23,0.1262424721759281
2021-10-24,0.126265469347276
2021-10-25,0.12630046504280568
2021-10-26,0.1263274617222141
2021-10-27,0.12635345852460733
2021-10-28,0.12638345483506108
2021-10-29,0.12640945163745432
2021-10-30,0.12633246110728957
2021-10-31,0.12635845790968303
2021-11-01,0.12638645446610663
2021-11-02,0.12652743712523962
2021-11-03,0.12656343269778425
2021-11-04,0.1265984283933137
2021-11-05,0.12661342654854058
2021-11-06,0.12663742359690366
2021-11-07,0.12666042076825157
2021-11-08,0.12669341670975065
2021-11-09,0.1267384111754315
2021-11-10,0.12674341056050697
2021-11-11,0.12676740760887006
2021-11-12,0.12679540416529345
2021-11-13,0.12681840133664135
2021-11-14,0.1268433982620194
2021-11-15,0.1268773940805339
2021-11-16,0.12689639174382128
2021-11-17,0.12692738793129
2021-11-18,0.1269543846106984
2021-11-19,0.12698438092115216
2021-11-20,0.1270203764936968
2021-11-21,0.12705037280415055
2021-11-22,0.12709136776177088
2021-11-23,0.1271183644411793
2021-11-24,0.12715236025969356
2021-11-25,0.12718635607820783
2021-11-26,0.1272203518967221
2021-11-27,0.12725134808419103
2021-11-28,0.12728234427165974
2021-11-29,0.1273263388603254
2021-11-30,0.12736133455585485
2021-12-01,0.1273963302513843
2021-12-02,0.12743132594691375
2021-12-03,0.1274673215194584
2021-12-04,0.12749831770692732
2021-12-05,0.12753031377141144
2021-12-06,0.12757230860604696
2021-12-07,0.12761730307172758
2021-12-08,0.12764130012009067
2021-12-09,0.12771629089622505
2021-12-10,0.12771629089622505
2021-12-11,0.12775028671473954
2021-12-12,0.1277842825332538
2021-12-13,0.12781827835176807
2021-12-14,0.12786127306341855
2021-12-15,0.1278902694968571
2021-12-16,0.12792626506940175
2021-12-17,0.12796326051896134
2021-12-18,0.12799925609150598
2021-12-19,0.12803425178703542
2021-12-20,0.1280782463757011
2021-12-21,0.12807124723659524
2021-12-22,0.12800125584553634
2021-12-23,0.1277422876986185
2021-12-24,0.12776728462399678
2021-12-25,0.12775128659175472
2021-12-26,0.12778628228728417
2021-12-27,0.12782527749087413
2021-12-28,0.12794926224074987
2021-12-29,0.12799625646046087
2021-12-30,0.12796026088791623
2021-12-31,0.12808524551480716
2022-01-01,0.12824922534528804
2022-01-02,0.1282832211638023
2022-01-03,0.12834621341575514
2022-01-04,0.1284881959519033
2022-01-05,0.12864317688924798
2022-01-06,0.12869917000209496
2022-01-07,0.12873316582060923
2022-01-08,0.12876816151613846
2022-01-09,0.12880215733465272
2022-01-10,0.12886314983257563
2022-01-11,0.12889514589705975
2022-01-12,0.12893314122363453
2022-01-13,0.12897313630423968
2022-01-14,0.12901313138484483
2022-01-15,0.1290481270803745
2022-01-16,0.12908312277590395
2022-01-17,0.12912911711859976
2022-01-19,0.12920410789473435
2022-01-20,0.12924710260638483
2022-01-21,0.12928109842489932
2022-01-22,0.12932109350550425
2022-01-23,0.1293560892010337
2022-01-24,0.12940008378969936
2022-01-25,0.12944107874731947
2022-01-26,0.12947907407389425
2022-01-27,0.12952006903151436
2022-01-28,0.12955906423510433
2022-01-29,0.12959505980764896
2022-01-30,0.1296310553801936
2022-01-31,0.12967504996885904
2022-02-01,0.12988602401905092
2022-02-02,0.1299240193456257
2022-02-03,0.12996301454921566
2022-02-04,0.13000100987579044
2022-02-05,0.1300360055713199
2022-02-06,0.13007100126684934
2022-02-07,0.13011999524059048
2022-02-08,0.13015599081313511
2022-02-09,0.13019198638567953
2022-02-10,0.13024298011345103
2022-02-11,0.13027997556301063
2022-02-12,0.1303189707666006
2022-02-13,0.13035196670809968
2022-02-14,0.13039196178870482
2022-02-15,0.1304159588370677
2022-02-16,0.13044995465558196
2022-02-17,0.1304859502281266
2022-02-18,0.13052094592365604
2022-02-19,0.13055394186515512
2022-02-20,0.13058593792963924
2022-02-21,0.13062593301024417
2022-02-22,0.13066392833681895
2022-02-23,0.13070092378637854
2022-02-24,0.13073791923593814
2022-02-25,0.13077791431654306
2022-02-26,0.1308139098890877
2022-02-27,0.13085090533864752
2022-02-28,0.13089489992731296
2022-03-01,0.1309348950079181
2022-03-02,0.13097389021150807
2022-03-02,0.40549512409974064
2022-03-03,0.1310128854150978
2022-03-04,0.13105188061868778
2022-03-05,0.13108687631421723
2022-03-06,0.13112287188676186
2022-03-07,0.13116786635244249
2022-03-08,0.13120686155603245
2022-03-09,0.13124085737454672
2022-03-10,0.1312778528241063
2022-03-11,0.13131784790471146
2022-03-12,0.13135884286233157
2022-03-13,0.13139483843487643
2022-03-14,0.13143983290055727
2022-03-15,0.1314538311787692
2022-03-16,0.13149182650534397
2022-03-17,0.13153082170893393
2022-03-18,0.13157081678953908
2022-03-19,0.1316058124850683
2022-03-20,0.13164180805761294
2022-03-21,0.1316678048600064
2022-03-22,0.13170480030956622
2022-03-23,0.1317577937913681
2022-03-24,0.1317897898558522
2022-03-25,0.13183078481347255
2022-03-26,0.13186878014004733
2022-03-27,0.1319067754666221
2022-03-28,0.13196076882543895
2022-03-29,0.1320047634141046
2022-03-30,0.13204675824874013
2022-03-31,0.13209175271442097
2022-04-01,0.1321367471801016
2022-04-02,0.1321777421377217
2022-04-03,0.132219736972357
2022-04-04,0.13227473020818903
2022-04-05,0.13231672504282432
2022-04-06,0.13235871987745962
2022-04-08,0.1324347105306094
2022-04-09,0.1324737057341996
2022-04-10,0.1325137008148045
2022-04-11,0.13262868667154404
2022-04-12,0.13265768310498283
2022-04-13,0.13268367990737606
2022-04-14,0.13241871249836712
2022-04-15,0.13232472405894513
2022-04-16,0.13212674840994998
2022-04-17,0.13216374385950957
2022-04-18,0.13217974189175163
2022-04-19,0.1322607319299769
2022-04-20,0.13201576206127075
2022-04-21,0.1319847658738018
2022-04-22,0.1319807663657413
2022-04-23,0.13201876169231608
2022-04-24,0.13205675701889086
2022-04-25,0.13209475234546564
2022-04-26,0.13213974681114649
2022-04-27,0.13218774090787266
2022-04-28,0.1321997394320542
2022-04-29,0.1322367348816138
2022-04-30,0.13226173180699208
2022-05-01,0.13229872725655167
2022-05-02,0.1323357227061115
2022-05-03,0.13238571655686782
2022-05-04,0.13258269232884778
2022-05-05,0.1328056649032212
2022-05-06,0.13320461583225707
2022-05-07,0.1333855935719952
2022-05-08,0.1334235888985702
2022-05-09,0.133516577460977
2022-05-10,0.13360256688427796
2022-05-11,0.13364656147294363
2022-05-12,0.1336895561845941
2022-05-13,0.1337315510192294
2022-05-14,0.13377054622281936
2022-05-15,0.13380854154939414
2022-05-16,0.13384653687596892
2022-05-17,0.13388853171060422
2022-05-18,0.1339315264222547
2022-05-19,0.13397452113390518
2022-05-20,0.13402151535361617
2022-05-21,0.13406251031123628
2022-05-22,0.13410150551482625
2022-05-23,0.13415249924259776
2022-05-24,0.1341924943232029
2022-05-25,0.134280483500534
2022-05-26,0.13428448300859475
2022-05-27,0.13433547673636625
2022-05-28,0.13437547181697118
2022-05-29,0.13441446702056137
2022-05-30,0.1344644608713177
2022-05-31,0.13450845545998336
2022-06-01,0.13455145017163384
2022-06-02,0.13459644463731468
2022-06-03,0.13464043922598012
2022-06-04,0.13468043430658527
2022-06-05,0.13472042938719042
2022-06-06,0.13477142311496193
2022-06-07,0.1348154177036276
2022-06-08,0.13485941229229303
2022-06-09,0.1349034068809587
2022-06-10,0.1349554004857454
2022-06-11,0.13499939507441105
2022-06-12,0.13504338966307672
2022-06-13,0.13509838289890874
2022-06-14,0.13512437970130198
2022-06-15,0.13516737441295246
2022-06-16,0.13521136900161812
2022-06-17,0.13525736334431393
2022-06-18,0.13529735842491908
2022-06-19,0.13533735350552423
2022-06-20,0.13539334661837144
2022-06-21,0.13543934096106747
2022-06-22,0.1355303297694439
2022-06-23,0.1355303297694439
2022-06-24,0.13604626630924965
2022-06-25,0.1360862613898548
2022-06-26,0.13612625647045995
2022-06-27,0.136180249829277
2022-06-28,0.13622624417197282
2022-06-29,0.13697615193331814
2022-06-30,0.13668718747594633
2022-07-01,0.13668018833684048
2022-07-02,0.1367721770222321
2022-07-03,0.13681117222582206
2022-07-04,0.1368611660765786
2022-07-05,0.13690616054225946
2022-07-06,0.13675417923596034
2022-07-07,0.13674817997386945
2022-07-08,0.13662619497802386
2022-07-09,0.13661219669981217
2022-07-10,0.13665019202638695
2022-07-11,0.13666319042758368
2022-07-12,0.1363962232645446
2022-07-13,0.1362142456477915
2022-07-14,0.13622224466391253
2022-07-15,0.13619924749256462
2022-07-16,0.1362522409743665
2022-07-17,0.13629023630094128
2022-07-18,0.13633323101259176
2022-07-19,0.13638022523230275
2022-07-20,0.13641722068186257
2022-07-21,0.1364632150245586
2022-07-22,0.13651520862934508
2022-07-23,0.1365522040789049
2022-07-24,0.13659119928249486
2022-07-25,0.13664319288728133
2022-07-26,0.1366861875989318
2022-07-27,0.13672818243356732
2022-07-28,0.1367711771452178
2022-07-29,0.13681417185686828
2022-07-30,0.1368551668144884
2022-07-31,0.1368971616491237
2022-08-01,0.13694915525391038
2022-08-02,0.13698715058048516
2022-08-03,0.1370361445542263
2022-08-04,0.13707613963483145
2022-08-05,0.13712213397752726
2022-08-06,0.13716012930410204
2022-08-07,0.13719812463067682
2022-08-08,0.13725111811247848
2022-08-09,0.1372961125781591
2022-08-10,0.1373301083966736
2022-08-11,0.13738210200146006
2022-08-12,0.13741609781997455
2022-08-13,0.13746609167073087
2022-08-14,0.1375060867513358
2022-08-15,0.13779705096273798
2022-08-16,0.13758707678956128
2022-08-17,0.13763007150121176
2022-08-18,0.13767406608987742
2022-08-19,0.13771606092451272
2022-08-20,0.13775205649705713
2022-08-21,0.13778805206960199
2022-08-22,0.1378390457973735
2022-08-23,0.1378810406320088
2022-08-24,0.13792203558962912
2022-08-25,0.13796203067023405
2022-08-26,0.1380060252588997
2022-08-27,0.1380430207084593
2022-08-28,0.1380810160350343
2022-08-29,0.13813200976280582
2022-08-30,0.1381750044744563
2022-08-31,0.13820800041595538
2022-09-01,0.13826499340581777
2022-09-02,0.13830198885537737
2022-09-03,0.13833098528881593
2022-09-04,0.13836898061539094
2022-09-05,0.13841497495808697
2022-09-06,0.13847196794794914
2022-09-07,0.13847496757899447
2022-09-08,0.13851296290556925
2022-09-09,0.13856395663334076
2022-09-10,0.13860695134499124
2022-09-11,0.13864894617962653
2022-09-12,0.13870493929247352
2022-09-13,0.1387519335121845
2022-09-14,0.13878792908472892
2022-09-15,0.13883292355040977
2022-09-16,0.13887891789310558
2022-09-17,0.13887891789310558
2022-09-18,0.1389619076853612
2022-09-19,0.13901690092119323
2022-09-20,0.13906389514090423
2022-09-21,0.13910988948360004
2022-09-22,0.13915588382629585
2022-09-23,0.13920187816899188
2022-09-24,0.1392438730036274
2022-09-25,0.1392848679612475
2022-09-26,0.13933986119707953
2022-09-27,0.13938685541679052
2022-09-28,0.13943384963650174
2022-09-29,0.13947984397919755
2022-09-30,0.13953083770696906
2022-10-01,0.13956783315652865
2022-10-02,0.13960982799116395
2022-10-03,0.13966282147296583
2022-10-04,0.1397008167995406
2022-10-05,0.13976080942044833
2022-10-06,0.13981780241031072
2022-10-07,0.1398557977368855
2022-10-08,0.1398967926945056
2022-10-09,0.1399387875291409
2022-10-10,0.13999078113392738
2022-10-11,0.140026776706472
2022-10-12,0.14007077129513767
2022-10-13,0.14010976649872764
2022-10-14,0.14015576084142367
2022-10-15,0.1402007553071043
2022-10-16,0.14024474989576996
2022-10-17,0.14030074300861717
2022-10-18,0.14035173673638845
2022-10-19,0.14039873095609923
2022-10-20,0.1404477249298406
2022-10-21,0.14049571902656655
2022-10-22,0.14071969147795493
2022-10-23,0.1407636860666206
2022-10-24,0.14080768065528604
2022-10-25,0.14088967057052626
2022-10-26,0.14119663281417028
2022-10-27,0.14153359136826804
2022-10-28,0.14190454574088007
2022-10-29,0.14194954020656092
2022-10-30,0.14199653442627191
2022-10-31,0.1420905228656939
2022-11-01,0.1421415165934652
2022-11-02,0.14219550995228203
2022-11-03,0.1422445039260234
2022-11-04,0.14229849728484023
2022-11-05,0.1423414919964907
2022-11-06,0.14238748633918652
2022-11-07,0.14244647908307928
2022-11-08,0.14249847268786597
2022-11-09,0.1425574654317585
2022-11-10,0.14260146002042395
2022-11-11,0.14264945411715013
2022-11-12,0.14269544845984616
2022-11-13,0.14274144280254197
2022-11-14,0.14278743714523778
2022-11-15,0.14284043062703944
2022-11-16,0.1428924242318259
2022-11-17,0.14294741746765816
2022-11-18,0.1430094098425958
2022-11-19,0.1430604035703673
2022-11-20,0.14311039742112364
2022-11-21,0.14317738918113698
2022-11-22,0.1432233835238328
2022-11-23,0.14328137639071015
2022-11-24,0.14332737073340596
2022-11-25,0.14338736335431346
2022-11-26,0.14343335769700927
2022-11-27,0.14348235167075063
2022-11-28,0.1435443440456885
2022-11-29,0.14359833740450556
2022-11-30,0.1436523307633224
2022-12-01,0.14371532301527545
2022-12-02,0.143774315759168
2022-12-03,0.14380831157768248
2022-12-04,0.14385730555142362
2022-12-05,0.1439182980493463
2022-12-06,0.14397729079323884
2022-12-07,0.14403128415205568
2022-12-08,0.14398229017831454
2022-12-09,0.1440302842750405
2022-12-10,0.14415826853297675
2022-12-11,0.1442072625067179
2022-12-12,0.14427825377479198
2022-12-13,0.14434024614972985
2022-12-14,0.14431624910136676
2022-12-15,0.1443142493473364
2022-12-16,0.14443223483512146
2022-12-17,0.14435524430495672
2022-12-18,0.14440523815571282
2022-12-19,0.14446223114557522
2022-12-20,0.14443723422019694
2022-12-21,0.14446823040766588
2022-12-22,0.14437724159928944
2022-12-23,0.14419426410552116
2022-12-24,0.1440672797246001
2022-12-25,0.14412227296043212
2022-12-26,0.14413927086968914
2022-12-27,0.1441042751741597
2022-12-28,0.14409327652699333
2022-12-29,0.14416726742611274
2022-12-30,0.1442292598010506
2022-12-31,0.1442812534058373
2023-01-01,0.14433524676465415
2023-01-02,0.1443892401234712
2023-01-03,0.14446223114557544
2023-01-04,0.1445252233975285
2023-01-05,0.1445802166333603
2023-01-06,0.1446402092542678
2023-01-07,0.14469420261308485
2023-01-08,0.14474919584891666
2023-01-09,0.1448221868710211
2023-01-10,0.1449111759253674
2023-01-11,0.14507015637077258
2023-01-12,0.14539911590874932
2023-01-13,0.14580806560793613
2023-01-14,0.1462190150611533
2023-01-15,0.14627400829698534
2023-01-16,0.14641999034119402
2023-01-17,0.1464859822241924
2023-01-18,0.14654597484510012
2023-01-19,0.14659896832690178
2023-01-20,0.14666396033288498
2023-01-21,0.1467199534457322
2023-01-22,0.146774946681564
2023-01-23,0.14684393819560793
2023-01-24,0.14690693044756098
2023-01-25,0.14696692306846848
2023-01-26,0.14702591581236102
2023-01-27,0.14708590843326874
2023-01-28,0.1471479008082066
2023-01-29,0.1472108930601599
2023-01-30,0.14728288420524893
2023-01-31,0.1473448765801868
2023-02-01,0.1474248667413971
2023-02-02,0.14747286083812305
2023-02-03,0.14753385333604596
2023-02-04,0.14758984644889295
2023-02-05,0.14764583956174016
2023-02-06,0.14771883058384438
2023-02-07,0.14778082295878203
2023-02-08,0.14784681484178042
2023-02-09,0.1479078073397031
2023-02-10,0.1479687998376258
2023-02-11,0.14802579282748796
2023-02-12,0.14808178594033516
2023-02-13,0.14815277720840925
2023-02-14,0.14819077253498403
2023-02-15,0.14825976404902796
2023-02-16,0.14832475605501094
2023-02-17,0.14839974683114554
2023-02-18,0.14845374018996238
2023-02-19,0.14851273293385492
2023-02-20,0.1485877237099893
2023-02-21,0.14865071596194235
2023-02-22,0.14871770772195592
2023-02-23,0.14878369960495408
2023-02-24,0.14884669185690713
2023-02-25,0.14890668447781485
2023-02-26,0.1489656772217074
2023-02-27,0.14904066799784177
2023-02-28,0.14910665988084015
2023-03-01,0.14917265176383854
2023-03-02,0.14923664389280655
2023-03-03,0.14930063602177457
2023-03-04,0.14936262839671266
2023-03-05,0.1494216211406052
2023-03-06,0.14949861167076994
2023-03-07,0.14956460355376833
2023-03-08,0.14959759949526763
2023-03-09,0.14961459740452487
2023-03-10,0.14966359137826601
2023-03-11,0.14970758596693146
2023-03-12,0.14976757858783918
2023-03-13,0.1498275712087469
2023-03-14,0.14990656149294224
2023-03-15,0.14999855017833386
2023-03-16,0.15008653935566518
2023-03-17,0.1501375330834367
2023-03-18,0.15024551980107037
2023-03-19,0.1503045125449629
2023-03-20,0.15038450270617298
2023-03-21,0.1504354964339445
2023-03-22,0.15052148585724545
2023-03-23,0.15061147478860692
2023-03-24,0.15066646802443895
2023-03-25,0.15072646064534667
2023-03-26,0.15078745314326958
2023-03-27,0.15086444367343455
2023-03-28,0.15093243531046308
2023-03-29,0.15099942707047664
2023-03-30,0.1510664188304902
2023-03-31,0.15113341059050378
2023-04-01,0.1512014022275323
2023-04-02,0.15126239472545522
2023-04-03,0.15134138500965033
2023-04-04,0.15140137763055805
2023-04-05,0.15146736951355622
2023-04-06,0.1515333613965546
2023-04-07,0.15159935327955298
2023-04-08,0.15165134688433968
2023-04-09,0.15171033962823222
2023-04-10,0.15178932991242733
2023-04-11,0.15186632044259207
2023-04-12,0.15191731417036358
2023-04-13,0.15184232339422898
2023-04-14,0.15168134319479343
2023-04-15,0.1517423356927161
2023-04-16,0.15180432806765398
2023-04-17,0.15186532056557667
2023-04-18,0.1519103150312573
2023-04-19,0.15210829068025244
2023-04-20,0.15188331835184887
2023-04-21,0.15168034331777802
2023-04-22,0.1517423356927161
2023-04-23,0.1518033281906388
2023-04-24,0.1518173264688505
2023-04-25,0.15192231355543884
2023-04-26,0.15188531810587902
2023-04-27,0.1517743317571998
2023-04-28,0.15178033101929067
2023-04-29,0.151839323763183
2023-04-30,0.1518993163840907
2023-05-01,0.1519593090049982
2023-05-02,0.15203629953516296
2023-05-03,0.1521652836701144
2023-05-04,0.15228726866595999
2023-05-05,0.15239125587553293
2023-05-06,0.1523832568594119
2023-05-07,0.15244524923435
2023-05-08,0.15252523939556006
2023-05-09,0.15251724037943903
2023-05-10,0.15262922660513345
2023-05-11,0.15262922660513345
2023-05-12,0.15262422722005775
2023-05-13,0.15268122020991992
2023-05-14,0.1527512116009786
2023-05-15,0.1528152037299466
2023-05-16,0.15287719610488448
2023-05-17,0.15298018343744246
2023-05-18,0.15302217827207776
2023-05-19,0.15313416449777195
2023-05-20,0.1532051557658458
2023-05-21,0.15327714691093508
2023-05-22,0.15337113535035707
2023-05-23,0.15345212538858233
2023-05-24,0.1535241165336716
2023-05-25,0.15361110583398752
2023-05-26,0.1536910959951978
2023-05-27,0.15376308714028686
2023-05-28,0.1538360781623913
2023-05-29,0.15392706697076775
2023-05-30,0.15400605725496286
2023-05-31,0.15408504753915797
2023-06-01,0.15415103942215613
2023-06-02,0.1542370288454571
2023-06-03,0.15430901999054614
2023-06-04,0.1543820110126506
2023-06-05,0.15448099883714828
2023-06-06,0.15455798936731302
2023-06-07,0.1546419790365836
2023-06-08,0.15470597116555185
2023-06-09,0.15478796108079207
2023-06-10,0.1548709508730477
2023-06-11,0.15494294201813696
2023-06-12,0.1550349307035288
2023-06-13,0.15509492332443653
2023-06-14,0.1551709139775863
2023-06-15,0.15523490610655455
2023-06-16,0.15532889454597654
2023-06-17,0.1553998858140504
2023-06-18,0.1554718769591399
2023-06-19,0.15556286576751632
2023-06-20,0.15565485445290816
2023-06-21,0.15590782333773534
2023-06-22,0.15638676442798105
2023-06-23,0.15664373282086874
2023-06-24,0.15691869900002864
2023-06-25,0.15699268989914805
2023-06-26,0.1571266734191752
2023-06-27,0.15740563910639582
2023-06-29,0.1574726308664094
2023-06-30,0.15730165189682266
2023-07-01,0.15685070736300033
2023-07-02,0.15692469826211974
2023-07-03,0.15691469949196857
2023-07-04,0.15677371683283559
2023-07-05,0.15681771142150125
2023-07-06,0.1568847031815146
2023-07-07,0.15696669309675482
2023-07-08,0.15704568338094993
2023-07-09,0.15711867440305416
2023-07-10,0.15721066308844578
2023-07-11,0.15729065324965585
2023-07-12,0.15736864365683556
2023-07-13,0.15743363566281898
2023-07-14,0.15752862397925593
2023-07-15,0.15758461709210314
2023-07-16,0.15765760811420737
2023-07-17,0.15774859692258403
2023-07-18,0.15782558745274877
2023-07-20,0.15798556777516914
2023-07-21,0.15806055855130374
2023-07-22,0.1581365492044533
2023-07-23,0.15820854034954257
2023-07-24,0.15829852928090404
2023-07-25,0.15837851944211434
2023-07-26,0.15839251772032603
2023-07-27,0.15851550259318659
2023-07-28,0.158589493492306
2023-07-29,0.15864748635918335
2023-07-30,0.1587054792260607
2023-07-31,0.15877947012518012
2023-08-01,0.1587984677884675
2023-08-02,0.1589114538911769
2023-08-03,0.1589864446673115
2023-08-04,0.1590604355664309
2023-08-05,0.15912842720345965
2023-08-06,0.15919541896347322
2023-08-07,0.159280408509759
2023-08-08,0.1593543994088784
2023-08-09,0.1594283903079976
2023-08-10,0.1594843834208448
2023-08-11,0.15956137395100956
2023-08-12,0.15965036300535584
2023-08-13,0.15972035439641474
2023-08-14,0.15963636472714415
2023-08-15,0.15971035562626335
2023-08-16,0.15978934591045846
2023-08-17,0.15986933607166853
2023-08-18,0.15991833004540967
2023-08-19,0.16000231971468026
2023-08-20,0.16006431208961813
2023-08-21,0.1601503015129191
2023-08-22,0.16021229388785674
2023-08-23,0.16028728466399156
2023-08-24,0.16044326547835142
2023-08-25,0.16044326547835142
2023-08-26,0.16051025723836476
2023-08-27,0.16057224961330263
2023-08-28,0.16063524186525546
2023-08-29,0.1607232310425868
2023-08-30,0.16081022034290293
2023-08-31,0.16085521480858378
2023-09-01,0.16094920324800577
2023-09-02,0.16102819353220088
2023-09-03,0.16109918480027496
2023-09-04,0.16118617410059088
2023-09-05,0.16133715552987504
2023-09-06,0.16159512379977792
2023-09-07,0.1617881000636976
2023-09-08,0.1618760892410287
2023-09-09,0.1619450807550724
2023-09-10,0.16201307239210117
2023-09-11,0.16212005923271988
2023-09-12,0.16221604742617202
2023-09-13,0.16229803734141246
2023-09-14,0.1623240341438057
2023-09-15,0.16234103205306272
2023-09-16,0.16237502787157698
2023-09-17,0.16244501926263588
2023-09-18,0.16252200979280063
2023-09-19,0.16254600684116371
2023-09-20,0.16256200487340577
2023-09-21,0.16260999897013195
2023-09-22,0.16266799183700908
2023-09-23,0.16275698089135537
2023-09-24,0.16282697228241405
2023-09-25,0.162912961705715
2023-09-26,0.16294895727825964
2023-09-27,0.16296695506453207
2023-09-28,0.16304694522574237
2023-09-29,0.1631339345260583
2023-09-30,0.16318792788487535
2023-10-01,0.16325791927593447
2023-10-02,0.16334390869923543
2023-10-03,0.16343289775358194
2023-10-04,0.16350988828374668
2023-10-05,0.16358487905988128
2023-10-06,0.16366086971303084
2023-10-07,0.16373985999722573
2023-10-08,0.16380985138828463
2023-10-09,0.16389684068860055
2023-10-10,0.1639838299889167
2023-10-11,0.1640528215029604
2023-10-12,0.1641228128940193
2023-10-13,0.1641978036701539
2023-10-14,0.1642677950612128
2023-10-15,0.1643377864522717
2023-10-16,0.16442477575258763
2023-10-17,0.164499766528722
2023-10-18,0.16458175644396267
2023-10-19,0.16465774709711223
2023-10-20,0.164733737750262
2023-10-21,0.16479173061713936
2023-10-22,0.16485772250013775
2023-10-23,0.16492371438313613
2023-10-24,0.16501170356046746
2023-10-25,0.16508669433660206
2023-10-26,0.16516068523572147
2023-10-27,0.16523467613484089
2023-10-28,0.16531166666500563
2023-10-29,0.16538365781009468
2023-10-30,0.16546964723339563
2023-10-31,0.16556263579580244
2023-11-01,0.1655886325981959
2023-11-02,0.16566162362030012
2023-11-03,0.1657566119367373
2023-11-04,0.16581060529555414
2023-11-05,0.1658825964406434
2023-11-06,0.16610556901501683
2023-11-07,0.16618355942219676
2023-11-08,0.1662505511822101
2023-11-09,0.1663335409744655
2023-11-10,0.16639253371835805
2023-11-11,0.16647552351061368
2023-11-12,0.1665485145327179
2023-11-13,0.16663550383303383
2023-11-14,0.1667014957160322
2023-11-15,0.16677748636918177
2023-11-16,0.16681648157277174
2023-11-17,0.16691246976622387
2023-11-18,0.16698646066534306
2023-11-19,0.1670594516874475
2023-11-20,0.16715643975791505
2023-11-21,0.1672284309030041
2023-11-22,0.16731542020332024
2023-11-23,0.16739541036453032
2023-11-24,0.16747540052574061
2023-11-25,0.16754939142486003
2023-11-26,0.16762238244696448
2023-11-27,0.16771137150131077
2023-11-28,0.167784362523415
2023-11-29,0.16786035317656478
2023-11-30,0.16792134567448747
2023-12-01,0.16802833251510618
2023-12-02,0.1680923246440742
2023-12-03,0.1681673154202088
2023-12-04,0.16825830422858545
2023-12-05,0.1683492930369619
2023-12-06,0.1684232839360813
2023-12-07,0.16850127434326145
2023-12-08,0.16857326548835072
2023-12-09,0.1686482562644851
2023-12-10,0.1687232470406197
2023-12-11,0.16881823535705665
2023-12-12,0.1689092241654333
2023-12-13,0.16892722195170573
2023-12-14,0.1690512067015817
2023-12-15,0.16913519637085228
2023-12-16,0.1692091872699717
2023-12-17,0.1692831781690911
2023-12-18,0.16936916759239207
2023-12-19,0.16944915775360236
2023-12-20,0.169532147545858
2023-12-21,0.16961713709214377
2023-12-22,0.1696661310658849
2023-12-23,0.1697701182754583
2023-12-24,0.1698441091745777
2023-12-25,0.169933098228924
2023-12-26,0.17001308839013407
2023-12-27,0.17009307855134437
2023-12-28,0.17016007031135794
2023-12-29,0.17024206022659838
2023-12-30,0.17032704977288415
2023-12-31,0.1704010406720038
2024-01-01,0.1704760314481384
2024-01-02,0.1705730195186057
2024-01-03,0.170662008572952
2024-01-04,0.17077999406073707
2024-01-05,0.17087498237717424
2024-01-06,0.17094997315330884
2024-01-07,0.17102496392944344
2024-01-08,0.17109995470557804
2024-01-09,0.1711959428990304
2024-01-10,0.17127393330621055
2024-01-11,0.17142291498146434
2024-01-12,0.1716948815295789
2024-01-13,0.17198184623292034
2024-01-14,0.17205683700905516
2024-01-15,0.1721808217589309
2024-01-16,0.17227780982939822
2024-01-17,0.17253677797631628
2024-01-18,0.17278974686114323
2024-01-19,0.17294772742953346
2024-01-20,0.17302271820566784
2024-01-21,0.17309770898180243
2024-01-22,0.1732106950845118
2024-01-23,0.1733196816791609
2024-01-24,0.17339967184037097
2024-01-25,0.17348066187859645
2024-01-26,0.17355565265473105
2024-01-27,0.17362964355385047
2024-01-28,0.17370463432998506
2024-01-29,0.17379062375328602
2024-01-30,0.17387061391449632
2024-01-31,0.17394060530555522
2024-02-01,0.1741605782488831
2024-02-02,0.17424256816412353
2024-02-03,0.17431655906324317
2024-02-04,0.17439254971639295
2024-02-05,0.17446754049252755
2024-02-06,0.1745445310226923
2024-02-07,0.17462552106091755
2024-02-08,0.17471451011526384
2024-02-09,0.17477950212124704
2024-02-10,0.17485349302036646
2024-02-11,0.1749264840424707
2024-02-12,0.17501247346577165
2024-02-13,0.17508146497981536
2024-02-14,0.17516245501804062
2024-02-15,0.17524444493328106
2024-02-16,0.17532843460255165
2024-02-17,0.17541142439480706
2024-02-18,0.1754934143100475
2024-02-19,0.17558240336439357
2024-02-20,0.1756693926647097
2024-02-21,0.17575038270293497
2024-02-22,0.17583137274116023
2024-02-23,0.17591436253341586
2024-02-24,0.17599135306358082
2024-02-25,0.17606934347076075
2024-02-26,0.17615833252510704
2024-02-27,0.17624032244034726
2024-02-28,0.1763233122326029
2024-02-29,0.17640030276276764
2024-03-01,0.17647729329293238
2024-03-02,0.1765642825932483
2024-03-03,0.17664027324639786
2024-03-04,0.17672826242372897
2024-03-05,0.17680825258493926
2024-03-06,0.17685124729658974
2024-03-07,0.1767232630386535
2024-03-08,0.17665627127863992
2024-03-09,0.1767452603329862
2024-03-10,0.17682325074016614
2024-03-11,0.1769042407783914
2024-03-12,0.17682825012524162
2024-03-13,0.17688624299211897
2024-03-14,0.17666627004879087
2024-03-15,0.1766002781657925
2024-03-16,0.1766102769359439
2024-03-17,0.17668626758909345
2024-03-18,0.1767582587341825
2024-03-19,0.17680725270792363
2024-03-20,0.1768842432380886
2024-03-21,0.17695523450616268
2024-03-22,0.17705922171573585
2024-03-23,0.17711421495156787
2024-03-24,0.17719020560471765
2024-03-25,0.1772761950280186
2024-03-26,0.1773561851892289
2024-03-27,0.1774451742435752
2024-03-28,0.1775621598543451
2024-03-29,0.1776731462030241
2024-03-30,0.17767414608003929
2024-03-31,0.1777491368561741
2024-04-01,0.17782412763230848
2024-04-02,0.1779111169326244
2024-04-03,0.1779911070938347
2024-04-04,0.1780700973780298
2024-04-05,0.17813408950699805
2024-04-06,0.17822407843835952
2024-04-07,0.17829906921449412
2024-04-08,0.17838405876078012
2024-04-09,0.17846104929094508
2024-04-10,0.17854103945215516
2024-04-11,0.1786240292444108
2024-04-12,0.178689021250394
2024-04-13,0.17875601301040756
2024-04-14,0.17883200366355712
2024-04-15,0.1789169932098429
2024-04-16,0.17899398374000763
2024-04-17,0.17905997562300624
2024-04-18,0.17914896467735275
2024-04-19,0.1792449528708051
2024-04-20,0.1793209435239549
2024-04-21,0.1793959343000895
2024-04-22,0.1794839234774206
2024-04-23,0.17956491351564585
2024-04-24,0.17963990429178045
2024-04-25,0.17972289408403608
2024-04-26,0.17979888473718564
2024-04-27,0.17986687637421417
2024-04-28,0.1799438669043789
2024-04-29,0.18002985632767987
2024-04-30,0.18009184870261774
2024-05-01,0.18016883923278249
2024-05-02,0.1802518290250379
2024-05-03,0.1803548163575961
2024-05-04,0.18043080701074565
2024-05-05,0.1805067976638952
2024-05-06,0.18058278831704477
2024-05-07,0.18067777663348195
2024-05-08,0.18075276740961632
2024-05-09,0.18083675707888713
2024-05-10,0.1809177471171124
2024-05-11,0.18099373777026195
2024-05-12,0.1810697284234115
2024-05-13,0.18115671772372766
2024-05-14,0.18123770776195314
2024-05-15,0.18130669927599685
2024-05-16,0.18139868796138847
2024-05-17,0.1814766783685684
2024-05-18,0.18154067049753664
2024-05-19,0.1816166611506862
2024-05-20,0.1817016506969722
2024-05-21,0.1817846404892276
2024-05-22,0.18192362339433021
2024-05-23,0.18200461343255547
2024-05-24,0.18206960543853867
2024-05-25,0.18214359633765786
2024-05-26,0.18221858711379246
2024-05-27,0.18230457653709342
2024-05-28,0.18245155845831684
2024-05-29,0.182640535214176
2024-05-30,0.18276551984106693
2024-05-31,0.18289150434497303
2024-06-01,0.18301348934081862
2024-06-02,0.18308748023993804
2024-06-03,0.1831774691712995
2024-06-04,0.18324446093131308
2024-06-05,0.183322451338493
2024-06-06,0.18336944555820378
2024-06-07,0.183527426126594
2024-06-08,0.18359041837854706
2024-06-09,0.18366440927766647
2024-06-10,0.18375239845499758
2024-06-11,0.1838413875093441
2024-06-12,0.18390737939234247
2024-06-13,0.18396837189026516
2024-06-14,0.18401636598699134
2024-06-15,0.18409035688611075
2024-06-16,0.18416434778523016
2024-06-17,0.18424333806942528
2024-06-18,0.18429533167421197
2024-06-19,0.1842943317971968
2024-06-20,0.18434132601690778
2024-06-21,0.18441231728498186
2024-06-22,0.18448630818410128
2024-06-23,0.1845602990832207
2024-06-24,0.18464428875249128
2024-06-25,0.1847122803895198
2024-06-26,0.18475227547012496
2024-06-27,0.18482326673819904
2024-06-28,0.1849462516110596
2024-06-29,0.1850202425101788
2024-06-30,0.18509423340929843
2024-07-01,0.18518022283259916
2024-07-02,0.1852582132397791
2024-07-03,0.18530020807441439
2024-07-04,0.18537119934248825
2024-07-05,0.18543819110250181
2024-07-06,0.18551218200162123
2024-07-07,0.18558517302372546
2024-07-08,0.18566616306195072
2024-07-09,0.18574015396107035
2024-07-10,0.18575415223928204
2024-07-11,0.18575015273122153
2024-07-12,0.185729155313904
2024-07-13,0.18584314129362856
2024-07-14,0.18591813206976293
2024-07-15,0.18600012198500337
2024-07-16,0.1860791122691985
2024-07-17,0.18612110710383378
2024-07-18,0.1862370928375887
2024-07-19,0.1862980853355114
2024-07-20,0.1863820750047822
2024-07-21,0.18645606590390162
2024-07-22,0.1865410554501874
2024-07-23,0.18662804475050354
2024-07-24,0.1866850377403657
2024-07-25,0.18674403048425825
2024-07-26,0.18682402064546855
2024-07-27,0.18693600687116274
2024-07-28,0.18700999777028215
2024-07-29,0.1870969870705983
2024-07-30,0.18713098288911256
2024-07-31,0.18717997686285393
2024-08-01,0.18722897083659507
2024-08-02,0.1873999498061818
2024-08-03,0.18747294082828603
2024-08-04,0.18754593185039048
2024-08-05,0.18763892041279728
2024-08-06,0.18771791069699217
2024-08-07,0.18771891057400736
2024-08-08,0.18786789224926137
2024-08-09,0.1879498821645018
2024-08-10,0.18802287318660604
2024-08-11,0.18809586420871027
2024-08-12,0.18818085375499605
2024-08-13,0.18825884416217598
2024-08-14,0.1883188367830837
2024-08-15,0.18839582731324866
2024-08-16,0.18847281784341363
2024-08-17,0.18854580886551808
2024-08-18,0.18860680136344077
2024-08-19,0.18869279078674173
2024-08-20,0.18877078119392166
2024-08-21,0.18881377590557213
2024-08-22,0.18885477086319225
2024-08-23,0.18899975303038574
2024-08-24,0.18907274405248997
2024-08-25,0.1891457350745942
2024-08-26,0.1892397235140162
2024-08-27,0.18931971367522626
2024-08-28,0.18936770777195244
2024-08-29,0.18944669805614733
2024-08-30,0.18947969399764664
2024-08-31,0.18953068772541815
2024-09-01,0.18960367874752238
2024-09-02,0.18968566866276282
2024-09-03,0.18986564652548577
2024-09-04,0.18994963619475658
2024-09-05,0.19001762783178533
2024-09-06,0.19010761676314658
2024-09-07,0.19017160889211482
2024-09-08,0.19024459991421905
2024-09-09,0.19031859081333846
2024-09-10,0.1904105794987303
2024-09-11,0.19050556781516748
2024-09-12,0.19055856129696913
2024-09-13,0.1906345519501189
2024-09-14,0.19070854284923833
2024-09-15,0.19078153387134256
2024-09-16,0.1908685231716587
2024-09-17,0.190948513332869
2024-09-18,0.1910275036170641
2024-09-19,0.19111449291738025
2024-09-20,0.19118048480037864
2024-09-21,0.19126147483860412
2024-09-22,0.19133546573772353
2024-09-23,0.19142445479206982
2024-09-24,0.1915044449532799
2024-09-25,0.1915644375741874
2024-09-26,0.19164942712047317
2024-09-27,0.19172141826556244
2024-09-28,0.19180240830378792
2024-09-29,0.19187739907992252
2024-09-30,0.1919663881342688
2024-10-01,0.19205337743458473
2024-10-02,0.19214636599699153
2024-10-03,0.19223435517432286
2024-10-04,0.19231334545851775
2024-10-05,0.1923523406621077
2024-10-06,0.1924273314382423
